Country,Continent,Year,Population,LifeExpectancy,GdpPerCapita
Afghanistan,Asia,1952,"8,425,333",28.80,779.45
Afghanistan,Asia,1957,"9,240,934",30.33,820.85
Afghanistan,Asia,1962,"10,267,083",32.00,853.10
Afghanistan,Asia,1967,"11,537,966",34.02,836.20
Afghanistan,Asia,1972,"13,079,460",36.09,739.98
Afghanistan,Asia,1977,"14,880,372",38.44,786.11
Afghanistan,Asia,1982,"12,881,816",39.85,978.01
Afghanistan,Asia,1987,"13,867,957",40.82,852.40
Afghanistan,Asia,1992,"16,317,921",41.67,649.34
Afghanistan,Asia,1997,"22,227,415",41.76,635.34
Afghanistan,Asia,2002,"25,268,405",42.13,726.73
Afghanistan,Asia,2007,"31,889,923",43.83,974.58
Albania,Europe,1952,"1,282,697",55.23,"1,601.06"
Albania,Europe,1957,"1,476,505",59.28,"1,942.28"
Albania,Europe,1962,"1,728,137",64.82,"2,312.89"
Albania,Europe,1967,"1,984,060",66.22,"2,760.20"
Albania,Europe,1972,"2,263,554",67.69,"3,313.42"
Albania,Europe,1977,"2,509,048",68.93,"3,533.00"
Albania,Europe,1982,"2,780,097",70.42,"3,630.88"
Albania,Europe,1987,"3,075,321",72.00,"3,738.93"
Albania,Europe,1992,"3,326,498",71.58,"2,497.44"
Albania,Europe,1997,"3,428,038",72.95,"3,193.05"
Albania,Europe,2002,"3,508,512",75.65,"4,604.21"
Albania,Europe,2007,"3,600,523",76.42,"5,937.03"
Algeria,Africa,1952,"9,279,525",43.08,"2,449.01"
Algeria,Africa,1957,"10,270,856",45.69,"3,013.98"
Algeria,Africa,1962,"11,000,948",48.30,"2,550.82"
Algeria,Africa,1967,"12,760,499",51.41,"3,246.99"
Algeria,Africa,1972,"14,760,787",54.52,"4,182.66"
Algeria,Africa,1977,"17,152,804",58.01,"4,910.42"
Algeria,Africa,1982,"20,033,753",61.37,"5,745.16"
Algeria,Africa,1987,"23,254,956",65.80,"5,681.36"
Algeria,Africa,1992,"26,298,373",67.74,"5,023.22"
Algeria,Africa,1997,"29,072,015",69.15,"4,797.30"
Algeria,Africa,2002,"31,287,142",70.99,"5,288.04"
Algeria,Africa,2007,"33,333,216",72.30,"6,223.37"
Angola,Africa,1952,"4,232,095",30.02,"3,520.61"
Angola,Africa,1957,"4,561,361",32.00,"3,827.94"
Angola,Africa,1962,"4,826,015",34.00,"4,269.28"
Angola,Africa,1967,"5,247,469",35.99,"5,522.78"
Angola,Africa,1972,"5,894,858",37.93,"5,473.29"
Angola,Africa,1977,"6,162,675",39.48,"3,008.65"
Angola,Africa,1982,"7,016,384",39.94,"2,756.95"
Angola,Africa,1987,"7,874,230",39.91,"2,430.21"
Angola,Africa,1992,"8,735,988",40.65,"2,627.85"
Angola,Africa,1997,"9,875,024",40.96,"2,277.14"
Angola,Africa,2002,"10,866,106",41.00,"2,773.29"
Angola,Africa,2007,"12,420,476",42.73,"4,797.23"
Argentina,Americas,1952,"17,876,956",62.49,"5,911.32"
Argentina,Americas,1957,"19,610,538",64.40,"6,856.86"
Argentina,Americas,1962,"21,283,783",65.14,"7,133.17"
Argentina,Americas,1967,"22,934,225",65.63,"8,052.95"
Argentina,Americas,1972,"24,779,799",67.07,"9,443.04"
Argentina,Americas,1977,"26,983,828",68.48,"10,079.03"
Argentina,Americas,1982,"29,341,374",69.94,"8,997.90"
Argentina,Americas,1987,"31,620,918",70.77,"9,139.67"
Argentina,Americas,1992,"33,958,947",71.87,"9,308.42"
Argentina,Americas,1997,"36,203,463",73.28,"10,967.28"
Argentina,Americas,2002,"38,331,121",74.34,"8,797.64"
Argentina,Americas,2007,"40,301,927",75.32,"12,779.38"
Australia,Oceania,1952,"8,691,212",69.12,"10,039.60"
Australia,Oceania,1957,"9,712,569",70.33,"10,949.65"
Australia,Oceania,1962,"10,794,968",70.93,"12,217.23"
Australia,Oceania,1967,"11,872,264",71.10,"14,526.12"
Australia,Oceania,1972,"13,177,000",71.93,"16,788.63"
Australia,Oceania,1977,"14,074,100",73.49,"18,334.20"
Australia,Oceania,1982,"15,184,200",74.74,"19,477.01"
Australia,Oceania,1987,"16,257,249",76.32,"21,888.89"
Australia,Oceania,1992,"17,481,977",77.56,"23,424.77"
Australia,Oceania,1997,"18,565,243",78.83,"26,997.94"
Australia,Oceania,2002,"19,546,792",80.37,"30,687.75"
Australia,Oceania,2007,"20,434,176",81.24,"34,435.37"
Austria,Europe,1952,"6,927,772",66.80,"6,137.08"
Austria,Europe,1957,"6,965,860",67.48,"8,842.60"
Austria,Europe,1962,"7,129,864",69.54,"10,750.72"
Austria,Europe,1967,"7,376,998",70.14,"12,834.60"
Austria,Europe,1972,"7,544,201",70.63,"16,661.63"
Austria,Europe,1977,"7,568,430",72.17,"19,749.42"
Austria,Europe,1982,"7,574,613",73.18,"21,597.08"
Austria,Europe,1987,"7,578,903",74.94,"23,687.83"
Austria,Europe,1992,"7,914,969",76.04,"27,042.02"
Austria,Europe,1997,"8,069,876",77.51,"29,095.92"
Austria,Europe,2002,"8,148,312",78.98,"32,417.61"
Austria,Europe,2007,"8,199,783",79.83,"36,126.49"
Bahrain,Asia,1952,"120,447",50.94,"9,867.08"
Bahrain,Asia,1957,"138,655",53.83,"11,635.80"
Bahrain,Asia,1962,"171,863",56.92,"12,753.28"
Bahrain,Asia,1967,"202,182",59.92,"14,804.67"
Bahrain,Asia,1972,"230,800",63.30,"18,268.66"
Bahrain,Asia,1977,"297,410",65.59,"19,340.10"
Bahrain,Asia,1982,"377,967",69.05,"19,211.15"
Bahrain,Asia,1987,"454,612",70.75,"18,524.02"
Bahrain,Asia,1992,"529,491",72.60,"19,035.58"
Bahrain,Asia,1997,"598,561",73.93,"20,292.02"
Bahrain,Asia,2002,"656,397",74.80,"23,403.56"
Bahrain,Asia,2007,"708,573",75.64,"29,796.05"
Bangladesh,Asia,1952,"46,886,859",37.48,684.24
Bangladesh,Asia,1957,"51,365,468",39.35,661.64
Bangladesh,Asia,1962,"56,839,289",41.22,686.34
Bangladesh,Asia,1967,"62,821,884",43.45,721.19
Bangladesh,Asia,1972,"70,759,295",45.25,630.23
Bangladesh,Asia,1977,"80,428,306",46.92,659.88
Bangladesh,Asia,1982,"93,074,406",50.01,676.98
Bangladesh,Asia,1987,"103,764,241",52.82,751.98
Bangladesh,Asia,1992,"113,704,579",56.02,837.81
Bangladesh,Asia,1997,"123,315,288",59.41,972.77
Bangladesh,Asia,2002,"135,656,790",62.01,"1,136.39"
Bangladesh,Asia,2007,"150,448,339",64.06,"1,391.25"
Belgium,Europe,1952,"8,730,405",68.00,"8,343.11"
Belgium,Europe,1957,"8,989,111",69.24,"9,714.96"
Belgium,Europe,1962,"9,218,400",70.25,"10,991.21"
Belgium,Europe,1967,"9,556,500",70.94,"13,149.04"
Belgium,Europe,1972,"9,709,100",71.44,"16,672.14"
Belgium,Europe,1977,"9,821,800",72.80,"19,117.97"
Belgium,Europe,1982,"9,856,303",73.93,"20,979.85"
Belgium,Europe,1987,"9,870,200",75.35,"22,525.56"
Belgium,Europe,1992,"10,045,622",76.46,"25,575.57"
Belgium,Europe,1997,"10,199,787",77.53,"27,561.20"
Belgium,Europe,2002,"10,311,970",78.32,"30,485.88"
Belgium,Europe,2007,"10,392,226",79.44,"33,692.61"
Benin,Africa,1952,"1,738,315",38.22,"1,062.75"
Benin,Africa,1957,"1,925,173",40.36,959.60
Benin,Africa,1962,"2,151,895",42.62,949.50
Benin,Africa,1967,"2,427,334",44.89,"1,035.83"
Benin,Africa,1972,"2,761,407",47.01,"1,085.80"
Benin,Africa,1977,"3,168,267",49.19,"1,029.16"
Benin,Africa,1982,"3,641,603",50.90,"1,277.90"
Benin,Africa,1987,"4,243,788",52.34,"1,225.86"
Benin,Africa,1992,"4,981,671",53.92,"1,191.21"
Benin,Africa,1997,"6,066,080",54.78,"1,232.98"
Benin,Africa,2002,"7,026,113",54.41,"1,372.88"
Benin,Africa,2007,"8,078,314",56.73,"1,441.28"
Bolivia,Americas,1952,"2,883,315",40.41,"2,677.33"
Bolivia,Americas,1957,"3,211,738",41.89,"2,127.69"
Bolivia,Americas,1962,"3,593,918",43.43,"2,180.97"
Bolivia,Americas,1967,"4,040,665",45.03,"2,586.89"
Bolivia,Americas,1972,"4,565,872",46.71,"2,980.33"
Bolivia,Americas,1977,"5,079,716",50.02,"3,548.10"
Bolivia,Americas,1982,"5,642,224",53.86,"3,156.51"
Bolivia,Americas,1987,"6,156,369",57.25,"2,753.69"
Bolivia,Americas,1992,"6,893,451",59.96,"2,961.70"
Bolivia,Americas,1997,"7,693,188",62.05,"3,326.14"
Bolivia,Americas,2002,"8,445,134",63.88,"3,413.26"
Bolivia,Americas,2007,"9,119,152",65.55,"3,822.14"
Bosnia and Herzegovina,Europe,1952,"2,791,000",53.82,973.53
Bosnia and Herzegovina,Europe,1957,"3,076,000",58.45,"1,353.99"
Bosnia and Herzegovina,Europe,1962,"3,349,000",61.93,"1,709.68"
Bosnia and Herzegovina,Europe,1967,"3,585,000",64.79,"2,172.35"
Bosnia and Herzegovina,Europe,1972,"3,819,000",67.45,"2,860.17"
Bosnia and Herzegovina,Europe,1977,"4,086,000",69.86,"3,528.48"
Bosnia and Herzegovina,Europe,1982,"4,172,693",70.69,"4,126.61"
Bosnia and Herzegovina,Europe,1987,"4,338,977",71.14,"4,314.11"
Bosnia and Herzegovina,Europe,1992,"4,256,013",72.18,"2,546.78"
Bosnia and Herzegovina,Europe,1997,"3,607,000",73.24,"4,766.36"
Bosnia and Herzegovina,Europe,2002,"4,165,416",74.09,"6,018.98"
Bosnia and Herzegovina,Europe,2007,"4,552,198",74.85,"7,446.30"
Botswana,Africa,1952,"442,308",47.62,851.24
Botswana,Africa,1957,"474,639",49.62,918.23
Botswana,Africa,1962,"512,764",51.52,983.65
Botswana,Africa,1967,"553,541",53.30,"1,214.71"
Botswana,Africa,1972,"619,351",56.02,"2,263.61"
Botswana,Africa,1977,"781,472",59.32,"3,214.86"
Botswana,Africa,1982,"970,347",61.48,"4,551.14"
Botswana,Africa,1987,"1,151,184",63.62,"6,205.88"
Botswana,Africa,1992,"1,342,614",62.75,"7,954.11"
Botswana,Africa,1997,"1,536,536",52.56,"8,647.14"
Botswana,Africa,2002,"1,630,347",46.63,"11,003.61"
Botswana,Africa,2007,"1,639,131",50.73,"12,569.85"
Brazil,Americas,1952,"56,602,560",50.92,"2,108.94"
Brazil,Americas,1957,"65,551,171",53.29,"2,487.37"
Brazil,Americas,1962,"76,039,390",55.67,"3,336.59"
Brazil,Americas,1967,"88,049,823",57.63,"3,429.86"
Brazil,Americas,1972,"100,840,058",59.50,"4,985.71"
Brazil,Americas,1977,"114,313,951",61.49,"6,660.12"
Brazil,Americas,1982,"128,962,939",63.34,"7,030.84"
Brazil,Americas,1987,"142,938,076",65.21,"7,807.10"
Brazil,Americas,1992,"155,975,974",67.06,"6,950.28"
Brazil,Americas,1997,"168,546,719",69.39,"7,957.98"
Brazil,Americas,2002,"179,914,212",71.01,"8,131.21"
Brazil,Americas,2007,"190,010,647",72.39,"9,065.80"
Bulgaria,Europe,1952,"7,274,900",59.60,"2,444.29"
Bulgaria,Europe,1957,"7,651,254",66.61,"3,008.67"
Bulgaria,Europe,1962,"8,012,946",69.51,"4,254.34"
Bulgaria,Europe,1967,"8,310,226",70.42,"5,577.00"
Bulgaria,Europe,1972,"8,576,200",70.90,"6,597.49"
Bulgaria,Europe,1977,"8,797,022",70.81,"7,612.24"
Bulgaria,Europe,1982,"8,892,098",71.08,"8,224.19"
Bulgaria,Europe,1987,"8,971,958",71.34,"8,239.85"
Bulgaria,Europe,1992,"8,658,506",71.19,"6,302.62"
Bulgaria,Europe,1997,"8,066,057",70.32,"5,970.39"
Bulgaria,Europe,2002,"7,661,799",72.14,"7,696.78"
Bulgaria,Europe,2007,"7,322,858",73.01,"10,680.79"
Burkina Faso,Africa,1952,"4,469,979",31.98,543.26
Burkina Faso,Africa,1957,"4,713,416",34.91,617.18
Burkina Faso,Africa,1962,"4,919,632",37.81,722.51
Burkina Faso,Africa,1967,"5,127,935",40.70,794.83
Burkina Faso,Africa,1972,"5,433,886",43.59,854.74
Burkina Faso,Africa,1977,"5,889,574",46.14,743.39
Burkina Faso,Africa,1982,"6,634,596",48.12,807.20
Burkina Faso,Africa,1987,"7,586,551",49.56,912.06
Burkina Faso,Africa,1992,"8,878,303",50.26,931.75
Burkina Faso,Africa,1997,"10,352,843",50.32,946.29
Burkina Faso,Africa,2002,"12,251,209",50.65,"1,037.65"
Burkina Faso,Africa,2007,"14,326,203",52.30,"1,217.03"
Burundi,Africa,1952,"2,445,618",39.03,339.30
Burundi,Africa,1957,"2,667,518",40.53,379.56
Burundi,Africa,1962,"2,961,915",42.05,355.20
Burundi,Africa,1967,"3,330,989",43.55,412.98
Burundi,Africa,1972,"3,529,983",44.06,464.10
Burundi,Africa,1977,"3,834,415",45.91,556.10
Burundi,Africa,1982,"4,580,410",47.47,559.60
Burundi,Africa,1987,"5,126,023",48.21,621.82
Burundi,Africa,1992,"5,809,236",44.74,631.70
Burundi,Africa,1997,"6,121,610",45.33,463.12
Burundi,Africa,2002,"7,021,078",47.36,446.40
Burundi,Africa,2007,"8,390,505",49.58,430.07
Cambodia,Asia,1952,"4,693,836",39.42,368.47
Cambodia,Asia,1957,"5,322,536",41.37,434.04
Cambodia,Asia,1962,"6,083,619",43.42,496.91
Cambodia,Asia,1967,"6,960,067",45.42,523.43
Cambodia,Asia,1972,"7,450,606",40.32,421.62
Cambodia,Asia,1977,"6,978,607",31.22,524.97
Cambodia,Asia,1982,"7,272,485",50.96,624.48
Cambodia,Asia,1987,"8,371,791",53.91,683.90
Cambodia,Asia,1992,"10,150,094",55.80,682.30
Cambodia,Asia,1997,"11,782,962",56.53,734.29
Cambodia,Asia,2002,"12,926,707",56.75,896.23
Cambodia,Asia,2007,"14,131,858",59.72,"1,713.78"
Cameroon,Africa,1952,"5,009,067",38.52,"1,172.67"
Cameroon,Africa,1957,"5,359,923",40.43,"1,313.05"
Cameroon,Africa,1962,"5,793,633",42.64,"1,399.61"
Cameroon,Africa,1967,"6,335,506",44.80,"1,508.45"
Cameroon,Africa,1972,"7,021,028",47.05,"1,684.15"
Cameroon,Africa,1977,"7,959,865",49.36,"1,783.43"
Cameroon,Africa,1982,"9,250,831",52.96,"2,367.98"
Cameroon,Africa,1987,"10,780,667",54.99,"2,602.66"
Cameroon,Africa,1992,"12,467,171",54.31,"1,793.16"
Cameroon,Africa,1997,"14,195,809",52.20,"1,694.34"
Cameroon,Africa,2002,"15,929,988",49.86,"1,934.01"
Cameroon,Africa,2007,"17,696,293",50.43,"2,042.10"
Canada,Americas,1952,"14,785,584",68.75,"11,367.16"
Canada,Americas,1957,"17,010,154",69.96,"12,489.95"
Canada,Americas,1962,"18,985,849",71.30,"13,462.49"
Canada,Americas,1967,"20,819,767",72.13,"16,076.59"
Canada,Americas,1972,"22,284,500",72.88,"18,970.57"
Canada,Americas,1977,"23,796,400",74.21,"22,090.88"
Canada,Americas,1982,"25,201,900",75.76,"22,898.79"
Canada,Americas,1987,"26,549,700",76.86,"26,626.52"
Canada,Americas,1992,"28,523,502",77.95,"26,342.88"
Canada,Americas,1997,"30,305,843",78.61,"28,954.93"
Canada,Americas,2002,"31,902,268",79.77,"33,328.97"
Canada,Americas,2007,"33,390,141",80.65,"36,319.24"
Central African Republic,Africa,1952,"1,291,695",35.46,"1,071.31"
Central African Republic,Africa,1957,"1,392,284",37.46,"1,190.84"
Central African Republic,Africa,1962,"1,523,478",39.48,"1,193.07"
Central African Republic,Africa,1967,"1,733,638",41.48,"1,136.06"
Central African Republic,Africa,1972,"1,927,260",43.46,"1,070.01"
Central African Republic,Africa,1977,"2,167,533",46.78,"1,109.37"
Central African Republic,Africa,1982,"2,476,971",48.30,956.75
Central African Republic,Africa,1987,"2,840,009",50.49,844.88
Central African Republic,Africa,1992,"3,265,124",49.40,747.91
Central African Republic,Africa,1997,"3,696,513",46.07,740.51
Central African Republic,Africa,2002,"4,048,013",43.31,738.69
Central African Republic,Africa,2007,"4,369,038",44.74,706.02
Chad,Africa,1952,"2,682,462",38.09,"1,178.67"
Chad,Africa,1957,"2,894,855",39.88,"1,308.50"
Chad,Africa,1962,"3,150,417",41.72,"1,389.82"
Chad,Africa,1967,"3,495,967",43.60,"1,196.81"
Chad,Africa,1972,"3,899,068",45.57,"1,104.10"
Chad,Africa,1977,"4,388,260",47.38,"1,133.98"
Chad,Africa,1982,"4,875,118",49.52,797.91
Chad,Africa,1987,"5,498,955",51.05,952.39
Chad,Africa,1992,"6,429,417",51.72,"1,058.06"
Chad,Africa,1997,"7,562,011",51.57,"1,004.96"
Chad,Africa,2002,"8,835,739",50.53,"1,156.18"
Chad,Africa,2007,"10,238,807",50.65,"1,704.06"
Chile,Americas,1952,"6,377,619",54.75,"3,939.98"
Chile,Americas,1957,"7,048,426",56.07,"4,315.62"
Chile,Americas,1962,"7,961,258",57.92,"4,519.09"
Chile,Americas,1967,"8,858,908",60.52,"5,106.65"
Chile,Americas,1972,"9,717,524",63.44,"5,494.02"
Chile,Americas,1977,"10,599,793",67.05,"4,756.76"
Chile,Americas,1982,"11,487,112",70.57,"5,095.67"
Chile,Americas,1987,"12,463,354",72.49,"5,547.06"
Chile,Americas,1992,"13,572,994",74.13,"7,596.13"
Chile,Americas,1997,"14,599,929",75.82,"10,118.05"
Chile,Americas,2002,"15,497,046",77.86,"10,778.78"
Chile,Americas,2007,"16,284,741",78.55,"13,171.64"
China,Asia,1952,"556,263,528",44.00,400.45
China,Asia,1957,"637,408,000",50.55,575.99
China,Asia,1962,"665,770,000",44.50,487.67
China,Asia,1967,"754,550,000",58.38,612.71
China,Asia,1972,"862,030,000",63.12,676.90
China,Asia,1977,"943,455,000",63.97,741.24
China,Asia,1982,"1,000,281,000",65.53,962.42
China,Asia,1987,"1,084,035,000",67.27,"1,378.90"
China,Asia,1992,"1,164,970,000",68.69,"1,655.78"
China,Asia,1997,"1,230,075,000",70.43,"2,289.23"
China,Asia,2002,"1,280,400,000",72.03,"3,119.28"
China,Asia,2007,"1,318,683,096",72.96,"4,959.11"
Colombia,Americas,1952,"12,350,771",50.64,"2,144.12"
Colombia,Americas,1957,"14,485,993",55.12,"2,323.81"
Colombia,Americas,1962,"17,009,885",57.86,"2,492.35"
Colombia,Americas,1967,"19,764,027",59.96,"2,678.73"
Colombia,Americas,1972,"22,542,890",61.62,"3,264.66"
Colombia,Americas,1977,"25,094,412",63.84,"3,815.81"
Colombia,Americas,1982,"27,764,644",66.65,"4,397.58"
Colombia,Americas,1987,"30,964,245",67.77,"4,903.22"
Colombia,Americas,1992,"34,202,721",68.42,"5,444.65"
Colombia,Americas,1997,"37,657,830",70.31,"6,117.36"
Colombia,Americas,2002,"41,008,227",71.68,"5,755.26"
Colombia,Americas,2007,"44,227,550",72.89,"7,006.58"
Comoros,Africa,1952,"153,936",40.72,"1,102.99"
Comoros,Africa,1957,"170,928",42.46,"1,211.15"
Comoros,Africa,1962,"191,689",44.47,"1,406.65"
Comoros,Africa,1967,"217,378",46.47,"1,876.03"
Comoros,Africa,1972,"250,027",48.94,"1,937.58"
Comoros,Africa,1977,"304,739",50.94,"1,172.60"
Comoros,Africa,1982,"348,643",52.93,"1,267.10"
Comoros,Africa,1987,"395,114",54.93,"1,315.98"
Comoros,Africa,1992,"454,429",57.94,"1,246.91"
Comoros,Africa,1997,"527,982",60.66,"1,173.62"
Comoros,Africa,2002,"614,382",62.97,"1,075.81"
Comoros,Africa,2007,"710,960",65.15,986.15
"Congo, Dem. Rep.",Africa,1952,"14,100,005",39.14,780.54
"Congo, Dem. Rep.",Africa,1957,"15,577,932",40.65,905.86
"Congo, Dem. Rep.",Africa,1962,"17,486,434",42.12,896.31
"Congo, Dem. Rep.",Africa,1967,"19,941,073",44.06,861.59
"Congo, Dem. Rep.",Africa,1972,"23,007,669",45.99,904.90
"Congo, Dem. Rep.",Africa,1977,"26,480,870",47.80,795.76
"Congo, Dem. Rep.",Africa,1982,"30,646,495",47.78,673.75
"Congo, Dem. Rep.",Africa,1987,"35,481,645",47.41,672.77
"Congo, Dem. Rep.",Africa,1992,"41,672,143",45.55,457.72
"Congo, Dem. Rep.",Africa,1997,"47,798,986",42.59,312.19
"Congo, Dem. Rep.",Africa,2002,"55,379,852",44.97,241.17
"Congo, Dem. Rep.",Africa,2007,"64,606,759",46.46,277.55
"Congo, Rep.",Africa,1952,"854,885",42.11,"2,125.62"
"Congo, Rep.",Africa,1957,"940,458",45.05,"2,315.06"
"Congo, Rep.",Africa,1962,"1,047,924",48.44,"2,464.78"
"Congo, Rep.",Africa,1967,"1,179,760",52.04,"2,677.94"
"Congo, Rep.",Africa,1972,"1,340,458",54.91,"3,213.15"
"Congo, Rep.",Africa,1977,"1,536,769",55.63,"3,259.18"
"Congo, Rep.",Africa,1982,"1,774,735",56.70,"4,879.51"
"Congo, Rep.",Africa,1987,"2,064,095",57.47,"4,201.19"
"Congo, Rep.",Africa,1992,"2,409,073",56.43,"4,016.24"
"Congo, Rep.",Africa,1997,"2,800,947",52.96,"3,484.16"
"Congo, Rep.",Africa,2002,"3,328,795",52.97,"3,484.06"
"Congo, Rep.",Africa,2007,"3,800,610",55.32,"3,632.56"
Costa Rica,Americas,1952,"926,317",57.21,"2,627.01"
Costa Rica,Americas,1957,"1,112,300",60.03,"2,990.01"
Costa Rica,Americas,1962,"1,345,187",62.84,"3,460.94"
Costa Rica,Americas,1967,"1,588,717",65.42,"4,161.73"
Costa Rica,Americas,1972,"1,834,796",67.85,"5,118.15"
Costa Rica,Americas,1977,"2,108,457",70.75,"5,926.88"
Costa Rica,Americas,1982,"2,424,367",73.45,"5,262.73"
Costa Rica,Americas,1987,"2,799,811",74.75,"5,629.92"
Costa Rica,Americas,1992,"3,173,216",75.71,"6,160.42"
Costa Rica,Americas,1997,"3,518,107",77.26,"6,677.05"
Costa Rica,Americas,2002,"3,834,934",78.12,"7,723.45"
Costa Rica,Americas,2007,"4,133,884",78.78,"9,645.06"
Cote d'Ivoire,Africa,1952,"2,977,019",40.48,"1,388.59"
Cote d'Ivoire,Africa,1957,"3,300,000",42.47,"1,500.90"
Cote d'Ivoire,Africa,1962,"3,832,408",44.93,"1,728.87"
Cote d'Ivoire,Africa,1967,"4,744,870",47.35,"2,052.05"
Cote d'Ivoire,Africa,1972,"6,071,696",49.80,"2,378.20"
Cote d'Ivoire,Africa,1977,"7,459,574",52.37,"2,517.74"
Cote d'Ivoire,Africa,1982,"9,025,951",53.98,"2,602.71"
Cote d'Ivoire,Africa,1987,"10,761,098",54.66,"2,156.96"
Cote d'Ivoire,Africa,1992,"12,772,596",52.04,"1,648.07"
Cote d'Ivoire,Africa,1997,"14,625,967",47.99,"1,786.27"
Cote d'Ivoire,Africa,2002,"16,252,726",46.83,"1,648.80"
Cote d'Ivoire,Africa,2007,"18,013,409",48.33,"1,544.75"
Croatia,Europe,1952,"3,882,229",61.21,"3,119.24"
Croatia,Europe,1957,"3,991,242",64.77,"4,338.23"
Croatia,Europe,1962,"4,076,557",67.13,"5,477.89"
Croatia,Europe,1967,"4,174,366",68.50,"6,960.30"
Croatia,Europe,1972,"4,225,310",69.61,"9,164.09"
Croatia,Europe,1977,"4,318,673",70.64,"11,305.39"
Croatia,Europe,1982,"4,413,368",70.46,"13,221.82"
Croatia,Europe,1987,"4,484,310",71.52,"13,822.58"
Croatia,Europe,1992,"4,494,013",72.53,"8,447.79"
Croatia,Europe,1997,"4,444,595",73.68,"9,875.60"
Croatia,Europe,2002,"4,481,020",74.88,"11,628.39"
Croatia,Europe,2007,"4,493,312",75.75,"14,619.22"
Cuba,Americas,1952,"6,007,797",59.42,"5,586.54"
Cuba,Americas,1957,"6,640,752",62.33,"6,092.17"
Cuba,Americas,1962,"7,254,373",65.25,"5,180.76"
Cuba,Americas,1967,"8,139,332",68.29,"5,690.27"
Cuba,Americas,1972,"8,831,348",70.72,"5,305.45"
Cuba,Americas,1977,"9,537,988",72.65,"6,380.49"
Cuba,Americas,1982,"9,789,224",73.72,"7,316.92"
Cuba,Americas,1987,"10,239,839",74.17,"7,532.92"
Cuba,Americas,1992,"10,723,260",74.41,"5,592.84"
Cuba,Americas,1997,"10,983,007",76.15,"5,431.99"
Cuba,Americas,2002,"11,226,999",77.16,"6,340.65"
Cuba,Americas,2007,"11,416,987",78.27,"8,948.10"
Czech Republic,Europe,1952,"9,125,183",66.87,"6,876.14"
Czech Republic,Europe,1957,"9,513,758",69.03,"8,256.34"
Czech Republic,Europe,1962,"9,620,282",69.90,"10,136.87"
Czech Republic,Europe,1967,"9,835,109",70.38,"11,399.44"
Czech Republic,Europe,1972,"9,862,158",70.29,"13,108.45"
Czech Republic,Europe,1977,"10,161,915",70.71,"14,800.16"
Czech Republic,Europe,1982,"10,303,704",70.96,"15,377.23"
Czech Republic,Europe,1987,"10,311,597",71.58,"16,310.44"
Czech Republic,Europe,1992,"10,315,702",72.40,"14,297.02"
Czech Republic,Europe,1997,"10,300,707",74.01,"16,048.51"
Czech Republic,Europe,2002,"10,256,295",75.51,"17,596.21"
Czech Republic,Europe,2007,"10,228,744",76.49,"22,833.31"
Denmark,Europe,1952,"4,334,000",70.78,"9,692.39"
Denmark,Europe,1957,"4,487,831",71.81,"11,099.66"
Denmark,Europe,1962,"4,646,899",72.35,"13,583.31"
Denmark,Europe,1967,"4,838,800",72.96,"15,937.21"
Denmark,Europe,1972,"4,991,596",73.47,"18,866.21"
Denmark,Europe,1977,"5,088,419",74.69,"20,422.90"
Denmark,Europe,1982,"5,117,810",74.63,"21,688.04"
Denmark,Europe,1987,"5,127,024",74.80,"25,116.18"
Denmark,Europe,1992,"5,171,393",75.33,"26,406.74"
Denmark,Europe,1997,"5,283,663",76.11,"29,804.35"
Denmark,Europe,2002,"5,374,693",77.18,"32,166.50"
Denmark,Europe,2007,"5,468,120",78.33,"35,278.42"
Djibouti,Africa,1952,"63,149",34.81,"2,669.53"
Djibouti,Africa,1957,"71,851",37.33,"2,864.97"
Djibouti,Africa,1962,"89,898",39.69,"3,020.99"
Djibouti,Africa,1967,"127,617",42.07,"3,020.05"
Djibouti,Africa,1972,"178,848",44.37,"3,694.21"
Djibouti,Africa,1977,"228,694",46.52,"3,081.76"
Djibouti,Africa,1982,"305,991",48.81,"2,879.47"
Djibouti,Africa,1987,"311,025",50.04,"2,880.10"
Djibouti,Africa,1992,"384,156",51.60,"2,377.16"
Djibouti,Africa,1997,"417,908",53.16,"1,895.02"
Djibouti,Africa,2002,"447,416",53.37,"1,908.26"
Djibouti,Africa,2007,"496,374",54.79,"2,082.48"
Dominican Republic,Americas,1952,"2,491,346",45.93,"1,397.72"
Dominican Republic,Americas,1957,"2,923,186",49.83,"1,544.40"
Dominican Republic,Americas,1962,"3,453,434",53.46,"1,662.14"
Dominican Republic,Americas,1967,"4,049,146",56.75,"1,653.72"
Dominican Republic,Americas,1972,"4,671,329",59.63,"2,189.87"
Dominican Republic,Americas,1977,"5,302,800",61.79,"2,681.99"
Dominican Republic,Americas,1982,"5,968,349",63.73,"2,861.09"
Dominican Republic,Americas,1987,"6,655,297",66.05,"2,899.84"
Dominican Republic,Americas,1992,"7,351,181",68.46,"3,044.21"
Dominican Republic,Americas,1997,"7,992,357",69.96,"3,614.10"
Dominican Republic,Americas,2002,"8,650,322",70.85,"4,563.81"
Dominican Republic,Americas,2007,"9,319,622",72.24,"6,025.37"
Ecuador,Americas,1952,"3,548,753",48.36,"3,522.11"
Ecuador,Americas,1957,"4,058,385",51.36,"3,780.55"
Ecuador,Americas,1962,"4,681,707",54.64,"4,086.11"
Ecuador,Americas,1967,"5,432,424",56.68,"4,579.07"
Ecuador,Americas,1972,"6,298,651",58.80,"5,280.99"
Ecuador,Americas,1977,"7,278,866",61.31,"6,679.62"
Ecuador,Americas,1982,"8,365,850",64.34,"7,213.79"
Ecuador,Americas,1987,"9,545,158",67.23,"6,481.78"
Ecuador,Americas,1992,"10,748,394",69.61,"7,103.70"
Ecuador,Americas,1997,"11,911,819",72.31,"7,429.46"
Ecuador,Americas,2002,"12,921,234",74.17,"5,773.04"
Ecuador,Americas,2007,"13,755,680",74.99,"6,873.26"
Egypt,Africa,1952,"22,223,309",41.89,"1,418.82"
Egypt,Africa,1957,"25,009,741",44.44,"1,458.92"
Egypt,Africa,1962,"28,173,309",46.99,"1,693.34"
Egypt,Africa,1967,"31,681,188",49.29,"1,814.88"
Egypt,Africa,1972,"34,807,417",51.14,"2,024.01"
Egypt,Africa,1977,"38,783,863",53.32,"2,785.49"
Egypt,Africa,1982,"45,681,811",56.01,"3,503.73"
Egypt,Africa,1987,"52,799,062",59.80,"3,885.46"
Egypt,Africa,1992,"59,402,198",63.67,"3,794.76"
Egypt,Africa,1997,"66,134,291",67.22,"4,173.18"
Egypt,Africa,2002,"73,312,559",69.81,"4,754.60"
Egypt,Africa,2007,"80,264,543",71.34,"5,581.18"
El Salvador,Americas,1952,"2,042,865",45.26,"3,048.30"
El Salvador,Americas,1957,"2,355,805",48.57,"3,421.52"
El Salvador,Americas,1962,"2,747,687",52.31,"3,776.80"
El Salvador,Americas,1967,"3,232,927",55.86,"4,358.60"
El Salvador,Americas,1972,"3,790,903",58.21,"4,520.25"
El Salvador,Americas,1977,"4,282,586",56.70,"5,138.92"
El Salvador,Americas,1982,"4,474,873",56.60,"4,098.34"
El Salvador,Americas,1987,"4,842,194",63.15,"4,140.44"
El Salvador,Americas,1992,"5,274,649",66.80,"4,444.23"
El Salvador,Americas,1997,"5,783,439",69.54,"5,154.83"
El Salvador,Americas,2002,"6,353,681",70.73,"5,351.57"
El Salvador,Americas,2007,"6,939,688",71.88,"5,728.35"
Equatorial Guinea,Africa,1952,"216,964",34.48,375.64
Equatorial Guinea,Africa,1957,"232,922",35.98,426.10
Equatorial Guinea,Africa,1962,"249,220",37.49,582.84
Equatorial Guinea,Africa,1967,"259,864",38.99,915.60
Equatorial Guinea,Africa,1972,"277,603",40.52,672.41
Equatorial Guinea,Africa,1977,"192,675",42.02,958.57
Equatorial Guinea,Africa,1982,"285,483",43.66,927.83
Equatorial Guinea,Africa,1987,"341,244",45.66,966.90
Equatorial Guinea,Africa,1992,"387,838",47.55,"1,132.06"
Equatorial Guinea,Africa,1997,"439,971",48.25,"2,814.48"
Equatorial Guinea,Africa,2002,"495,627",49.35,"7,703.50"
Equatorial Guinea,Africa,2007,"551,201",51.58,"12,154.09"
Eritrea,Africa,1952,"1,438,760",35.93,328.94
Eritrea,Africa,1957,"1,542,611",38.05,344.16
Eritrea,Africa,1962,"1,666,618",40.16,381.00
Eritrea,Africa,1967,"1,820,319",42.19,468.79
Eritrea,Africa,1972,"2,260,187",44.14,514.32
Eritrea,Africa,1977,"2,512,642",44.54,505.75
Eritrea,Africa,1982,"2,637,297",43.89,524.88
Eritrea,Africa,1987,"2,915,959",46.45,521.13
Eritrea,Africa,1992,"3,668,440",49.99,582.86
Eritrea,Africa,1997,"4,058,319",53.38,913.47
Eritrea,Africa,2002,"4,414,865",55.24,765.35
Eritrea,Africa,2007,"4,906,585",58.04,641.37
Ethiopia,Africa,1952,"20,860,941",34.08,362.15
Ethiopia,Africa,1957,"22,815,614",36.67,378.90
Ethiopia,Africa,1962,"25,145,372",40.06,419.46
Ethiopia,Africa,1967,"27,860,297",42.12,516.12
Ethiopia,Africa,1972,"30,770,372",43.52,566.24
Ethiopia,Africa,1977,"34,617,799",44.51,556.81
Ethiopia,Africa,1982,"38,111,756",44.92,577.86
Ethiopia,Africa,1987,"42,999,530",46.68,573.74
Ethiopia,Africa,1992,"52,088,559",48.09,421.35
Ethiopia,Africa,1997,"59,861,301",49.40,515.89
Ethiopia,Africa,2002,"67,946,797",50.73,530.05
Ethiopia,Africa,2007,"76,511,887",52.95,690.81
Finland,Europe,1952,"4,090,500",66.55,"6,424.52"
Finland,Europe,1957,"4,324,000",67.49,"7,545.42"
Finland,Europe,1962,"4,491,443",68.75,"9,371.84"
Finland,Europe,1967,"4,605,744",69.83,"10,921.64"
Finland,Europe,1972,"4,639,657",70.87,"14,358.88"
Finland,Europe,1977,"4,738,902",72.52,"15,605.42"
Finland,Europe,1982,"4,826,933",74.55,"18,533.16"
Finland,Europe,1987,"4,931,729",74.83,"21,141.01"
Finland,Europe,1992,"5,041,039",75.70,"20,647.16"
Finland,Europe,1997,"5,134,406",77.13,"23,723.95"
Finland,Europe,2002,"5,193,039",78.37,"28,204.59"
Finland,Europe,2007,"5,238,460",79.31,"33,207.08"
France,Europe,1952,"42,459,667",67.41,"7,029.81"
France,Europe,1957,"44,310,863",68.93,"8,662.83"
France,Europe,1962,"47,124,000",70.51,"10,560.49"
France,Europe,1967,"49,569,000",71.55,"12,999.92"
France,Europe,1972,"51,732,000",72.38,"16,107.19"
France,Europe,1977,"53,165,019",73.83,"18,292.64"
France,Europe,1982,"54,433,565",74.89,"20,293.90"
France,Europe,1987,"55,630,100",76.34,"22,066.44"
France,Europe,1992,"57,374,179",77.46,"24,703.80"
France,Europe,1997,"58,623,428",78.64,"25,889.78"
France,Europe,2002,"59,925,035",79.59,"28,926.03"
France,Europe,2007,"61,083,916",80.66,"30,470.02"
Gabon,Africa,1952,"420,702",37.00,"4,293.48"
Gabon,Africa,1957,"434,904",39.00,"4,976.20"
Gabon,Africa,1962,"455,661",40.49,"6,631.46"
Gabon,Africa,1967,"489,004",44.60,"8,358.76"
Gabon,Africa,1972,"537,977",48.69,"11,401.95"
Gabon,Africa,1977,"706,367",52.79,"21,745.57"
Gabon,Africa,1982,"753,874",56.56,"15,113.36"
Gabon,Africa,1987,"880,397",60.19,"11,864.41"
Gabon,Africa,1992,"985,739",61.37,"13,522.16"
Gabon,Africa,1997,"1,126,189",60.46,"14,722.84"
Gabon,Africa,2002,"1,299,304",56.76,"12,521.71"
Gabon,Africa,2007,"1,454,867",56.74,"13,206.48"
Gambia,Africa,1952,"284,320",30.00,485.23
Gambia,Africa,1957,"323,150",32.07,520.93
Gambia,Africa,1962,"374,020",33.90,599.65
Gambia,Africa,1967,"439,593",35.86,734.78
Gambia,Africa,1972,"517,101",38.31,756.09
Gambia,Africa,1977,"608,274",41.84,884.76
Gambia,Africa,1982,"715,523",45.58,835.81
Gambia,Africa,1987,"848,406",49.27,611.66
Gambia,Africa,1992,"1,025,384",52.64,665.62
Gambia,Africa,1997,"1,235,767",55.86,653.73
Gambia,Africa,2002,"1,457,766",58.04,660.59
Gambia,Africa,2007,"1,688,359",59.45,752.75
Germany,Europe,1952,"69,145,952",67.50,"7,144.11"
Germany,Europe,1957,"71,019,069",69.10,"10,187.83"
Germany,Europe,1962,"73,739,117",70.30,"12,902.46"
Germany,Europe,1967,"76,368,453",70.80,"14,745.63"
Germany,Europe,1972,"78,717,088",71.00,"18,016.18"
Germany,Europe,1977,"78,160,773",72.50,"20,512.92"
Germany,Europe,1982,"78,335,266",73.80,"22,031.53"
Germany,Europe,1987,"77,718,298",74.85,"24,639.19"
Germany,Europe,1992,"80,597,764",76.07,"26,505.30"
Germany,Europe,1997,"82,011,073",77.34,"27,788.88"
Germany,Europe,2002,"82,350,671",78.67,"30,035.80"
Germany,Europe,2007,"82,400,996",79.41,"32,170.37"
Ghana,Africa,1952,"5,581,001",43.15,911.30
Ghana,Africa,1957,"6,391,288",44.78,"1,043.56"
Ghana,Africa,1962,"7,355,248",46.45,"1,190.04"
Ghana,Africa,1967,"8,490,213",48.07,"1,125.70"
Ghana,Africa,1972,"9,354,120",49.88,"1,178.22"
Ghana,Africa,1977,"10,538,093",51.76,993.22
Ghana,Africa,1982,"11,400,338",53.74,876.03
Ghana,Africa,1987,"14,168,101",55.73,847.01
Ghana,Africa,1992,"16,278,738",57.50,925.06
Ghana,Africa,1997,"18,418,288",58.56,"1,005.25"
Ghana,Africa,2002,"20,550,751",58.45,"1,111.98"
Ghana,Africa,2007,"22,873,338",60.02,"1,327.61"
Greece,Europe,1952,"7,733,250",65.86,"3,530.69"
Greece,Europe,1957,"8,096,218",67.86,"4,916.30"
Greece,Europe,1962,"8,448,233",69.51,"6,017.19"
Greece,Europe,1967,"8,716,441",71.00,"8,513.10"
Greece,Europe,1972,"8,888,628",72.34,"12,724.83"
Greece,Europe,1977,"9,308,479",73.68,"14,195.52"
Greece,Europe,1982,"9,786,480",75.24,"15,268.42"
Greece,Europe,1987,"9,974,490",76.67,"16,120.53"
Greece,Europe,1992,"10,325,429",77.03,"17,541.50"
Greece,Europe,1997,"10,502,372",77.87,"18,747.70"
Greece,Europe,2002,"10,603,863",78.26,"22,514.25"
Greece,Europe,2007,"10,706,290",79.48,"27,538.41"
Guatemala,Americas,1952,"3,146,381",42.02,"2,428.24"
Guatemala,Americas,1957,"3,640,876",44.14,"2,617.16"
Guatemala,Americas,1962,"4,208,858",46.95,"2,750.36"
Guatemala,Americas,1967,"4,690,773",50.02,"3,242.53"
Guatemala,Americas,1972,"5,149,581",53.74,"4,031.41"
Guatemala,Americas,1977,"5,703,430",56.03,"4,879.99"
Guatemala,Americas,1982,"6,395,630",58.14,"4,820.49"
Guatemala,Americas,1987,"7,326,406",60.78,"4,246.49"
Guatemala,Americas,1992,"8,486,949",63.37,"4,439.45"
Guatemala,Americas,1997,"9,803,875",66.32,"4,684.31"
Guatemala,Americas,2002,"11,178,650",68.98,"4,858.35"
Guatemala,Americas,2007,"12,572,928",70.26,"5,186.05"
Guinea,Africa,1952,"2,664,249",33.61,510.20
Guinea,Africa,1957,"2,876,726",34.56,576.27
Guinea,Africa,1962,"3,140,003",35.75,686.37
Guinea,Africa,1967,"3,451,418",37.20,708.76
Guinea,Africa,1972,"3,811,387",38.84,741.67
Guinea,Africa,1977,"4,227,026",40.76,874.69
Guinea,Africa,1982,"4,710,497",42.89,857.25
Guinea,Africa,1987,"5,650,262",45.55,805.57
Guinea,Africa,1992,"6,990,574",48.58,794.35
Guinea,Africa,1997,"8,048,834",51.46,869.45
Guinea,Africa,2002,"8,807,818",53.68,945.58
Guinea,Africa,2007,"9,947,814",56.01,942.65
Guinea-Bissau,Africa,1952,"580,653",32.50,299.85
Guinea-Bissau,Africa,1957,"601,095",33.49,431.79
Guinea-Bissau,Africa,1962,"627,820",34.49,522.03
Guinea-Bissau,Africa,1967,"601,287",35.49,715.58
Guinea-Bissau,Africa,1972,"625,361",36.49,820.22
Guinea-Bissau,Africa,1977,"745,228",37.47,764.73
Guinea-Bissau,Africa,1982,"825,987",39.33,838.12
Guinea-Bissau,Africa,1987,"927,524",41.25,736.42
Guinea-Bissau,Africa,1992,"1,050,938",43.27,745.54
Guinea-Bissau,Africa,1997,"1,193,708",44.87,796.66
Guinea-Bissau,Africa,2002,"1,332,459",45.50,575.70
Guinea-Bissau,Africa,2007,"1,472,041",46.39,579.23
Haiti,Americas,1952,"3,201,488",37.58,"1,840.37"
Haiti,Americas,1957,"3,507,701",40.70,"1,726.89"
Haiti,Americas,1962,"3,880,130",43.59,"1,796.59"
Haiti,Americas,1967,"4,318,137",46.24,"1,452.06"
Haiti,Americas,1972,"4,698,301",48.04,"1,654.46"
Haiti,Americas,1977,"4,908,554",49.92,"1,874.30"
Haiti,Americas,1982,"5,198,399",51.46,"2,011.16"
Haiti,Americas,1987,"5,756,203",53.64,"1,823.02"
Haiti,Americas,1992,"6,326,682",55.09,"1,456.31"
Haiti,Americas,1997,"6,913,545",56.67,"1,341.73"
Haiti,Americas,2002,"7,607,651",58.14,"1,270.36"
Haiti,Americas,2007,"8,502,814",60.92,"1,201.64"
Honduras,Americas,1952,"1,517,453",41.91,"2,194.93"
Honduras,Americas,1957,"1,770,390",44.67,"2,220.49"
Honduras,Americas,1962,"2,090,162",48.04,"2,291.16"
Honduras,Americas,1967,"2,500,689",50.92,"2,538.27"
Honduras,Americas,1972,"2,965,146",53.88,"2,529.84"
Honduras,Americas,1977,"3,055,235",57.40,"3,203.21"
Honduras,Americas,1982,"3,669,448",60.91,"3,121.76"
Honduras,Americas,1987,"4,372,203",64.49,"3,023.10"
Honduras,Americas,1992,"5,077,347",66.40,"3,081.69"
Honduras,Americas,1997,"5,867,957",67.66,"3,160.45"
Honduras,Americas,2002,"6,677,328",68.57,"3,099.73"
Honduras,Americas,2007,"7,483,763",70.20,"3,548.33"
"Hong Kong, China",Asia,1952,"2,125,900",60.96,"3,054.42"
"Hong Kong, China",Asia,1957,"2,736,300",64.75,"3,629.08"
"Hong Kong, China",Asia,1962,"3,305,200",67.65,"4,692.65"
"Hong Kong, China",Asia,1967,"3,722,800",70.00,"6,197.96"
"Hong Kong, China",Asia,1972,"4,115,700",72.00,"8,315.93"
"Hong Kong, China",Asia,1977,"4,583,700",73.60,"11,186.14"
"Hong Kong, China",Asia,1982,"5,264,500",75.45,"14,560.53"
"Hong Kong, China",Asia,1987,"5,584,510",76.20,"20,038.47"
"Hong Kong, China",Asia,1992,"5,829,696",77.60,"24,757.60"
"Hong Kong, China",Asia,1997,"6,495,918",80.00,"28,377.63"
"Hong Kong, China",Asia,2002,"6,762,476",81.50,"30,209.02"
"Hong Kong, China",Asia,2007,"6,980,412",82.21,"39,724.98"
Hungary,Europe,1952,"9,504,000",64.03,"5,263.67"
Hungary,Europe,1957,"9,839,000",66.41,"6,040.18"
Hungary,Europe,1962,"10,063,000",67.96,"7,550.36"
Hungary,Europe,1967,"10,223,422",69.50,"9,326.64"
Hungary,Europe,1972,"10,394,091",69.76,"10,168.66"
Hungary,Europe,1977,"10,637,171",69.95,"11,674.84"
Hungary,Europe,1982,"10,705,535",69.39,"12,545.99"
Hungary,Europe,1987,"10,612,740",69.58,"12,986.48"
Hungary,Europe,1992,"10,348,684",69.17,"10,535.63"
Hungary,Europe,1997,"10,244,684",71.04,"11,712.78"
Hungary,Europe,2002,"10,083,313",72.59,"14,843.94"
Hungary,Europe,2007,"9,956,108",73.34,"18,008.94"
Iceland,Europe,1952,"147,962",72.49,"7,267.69"
Iceland,Europe,1957,"165,110",73.47,"9,244.00"
Iceland,Europe,1962,"182,053",73.68,"10,350.16"
Iceland,Europe,1967,"198,676",73.73,"13,319.90"
Iceland,Europe,1972,"209,275",74.46,"15,798.06"
Iceland,Europe,1977,"221,823",76.11,"19,654.96"
Iceland,Europe,1982,"233,997",76.99,"23,269.61"
Iceland,Europe,1987,"244,676",77.23,"26,923.21"
Iceland,Europe,1992,"259,012",78.77,"25,144.39"
Iceland,Europe,1997,"271,192",78.95,"28,061.10"
Iceland,Europe,2002,"288,030",80.50,"31,163.20"
Iceland,Europe,2007,"301,931",81.76,"36,180.79"
India,Asia,1952,"372,000,000",37.37,546.57
India,Asia,1957,"409,000,000",40.25,590.06
India,Asia,1962,"454,000,000",43.61,658.35
India,Asia,1967,"506,000,000",47.19,700.77
India,Asia,1972,"567,000,000",50.65,724.03
India,Asia,1977,"634,000,000",54.21,813.34
India,Asia,1982,"708,000,000",56.60,855.72
India,Asia,1987,"788,000,000",58.55,976.51
India,Asia,1992,"872,000,000",60.22,"1,164.41"
India,Asia,1997,"959,000,000",61.77,"1,458.82"
India,Asia,2002,"1,034,172,547",62.88,"1,746.77"
India,Asia,2007,"1,110,396,331",64.70,"2,452.21"
Indonesia,Asia,1952,"82,052,000",37.47,749.68
Indonesia,Asia,1957,"90,124,000",39.92,858.90
Indonesia,Asia,1962,"99,028,000",42.52,849.29
Indonesia,Asia,1967,"109,343,000",45.96,762.43
Indonesia,Asia,1972,"121,282,000",49.20,"1,111.11"
Indonesia,Asia,1977,"136,725,000",52.70,"1,382.70"
Indonesia,Asia,1982,"153,343,000",56.16,"1,516.87"
Indonesia,Asia,1987,"169,276,000",60.14,"1,748.36"
Indonesia,Asia,1992,"184,816,000",62.68,"2,383.14"
Indonesia,Asia,1997,"199,278,000",66.04,"3,119.34"
Indonesia,Asia,2002,"211,060,000",68.59,"2,873.91"
Indonesia,Asia,2007,"223,547,000",70.65,"3,540.65"
Iran,Asia,1952,"17,272,000",44.87,"3,035.33"
Iran,Asia,1957,"19,792,000",47.18,"3,290.26"
Iran,Asia,1962,"22,874,000",49.33,"4,187.33"
Iran,Asia,1967,"26,538,000",52.47,"5,906.73"
Iran,Asia,1972,"30,614,000",55.23,"9,613.82"
Iran,Asia,1977,"35,480,679",57.70,"11,888.60"
Iran,Asia,1982,"43,072,751",59.62,"7,608.33"
Iran,Asia,1987,"51,889,696",63.04,"6,642.88"
Iran,Asia,1992,"60,397,973",65.74,"7,235.65"
Iran,Asia,1997,"63,327,987",68.04,"8,263.59"
Iran,Asia,2002,"66,907,826",69.45,"9,240.76"
Iran,Asia,2007,"69,453,570",70.96,"11,605.71"
Iraq,Asia,1952,"5,441,766",45.32,"4,129.77"
Iraq,Asia,1957,"6,248,643",48.44,"6,229.33"
Iraq,Asia,1962,"7,240,260",51.46,"8,341.74"
Iraq,Asia,1967,"8,519,282",54.46,"8,931.46"
Iraq,Asia,1972,"10,061,506",56.95,"9,576.04"
Iraq,Asia,1977,"11,882,916",60.41,"14,688.24"
Iraq,Asia,1982,"14,173,318",62.04,"14,517.91"
Iraq,Asia,1987,"16,543,189",65.04,"11,643.57"
Iraq,Asia,1992,"17,861,905",59.46,"3,745.64"
Iraq,Asia,1997,"20,775,703",58.81,"3,076.24"
Iraq,Asia,2002,"24,001,816",57.05,"4,390.72"
Iraq,Asia,2007,"27,499,638",59.55,"4,471.06"
Ireland,Europe,1952,"2,952,156",66.91,"5,210.28"
Ireland,Europe,1957,"2,878,220",68.90,"5,599.08"
Ireland,Europe,1962,"2,830,000",70.29,"6,631.60"
Ireland,Europe,1967,"2,900,100",71.08,"7,655.57"
Ireland,Europe,1972,"3,024,400",71.28,"9,530.77"
Ireland,Europe,1977,"3,271,900",72.03,"11,150.98"
Ireland,Europe,1982,"3,480,000",73.10,"12,618.32"
Ireland,Europe,1987,"3,539,900",74.36,"13,872.87"
Ireland,Europe,1992,"3,557,761",75.47,"17,558.82"
Ireland,Europe,1997,"3,667,233",76.12,"24,521.95"
Ireland,Europe,2002,"3,879,155",77.78,"34,077.05"
Ireland,Europe,2007,"4,109,086",78.89,"40,676.00"
Israel,Asia,1952,"1,620,914",65.39,"4,086.52"
Israel,Asia,1957,"1,944,401",67.84,"5,385.28"
Israel,Asia,1962,"2,310,904",69.39,"7,105.63"
Israel,Asia,1967,"2,693,585",70.75,"8,393.74"
Israel,Asia,1972,"3,095,893",71.63,"12,786.93"
Israel,Asia,1977,"3,495,918",73.06,"13,306.62"
Israel,Asia,1982,"3,858,421",74.45,"15,367.03"
Israel,Asia,1987,"4,203,148",75.60,"17,122.48"
Israel,Asia,1992,"4,936,550",76.93,"18,051.52"
Israel,Asia,1997,"5,531,387",78.27,"20,896.61"
Israel,Asia,2002,"6,029,529",79.70,"21,905.60"
Israel,Asia,2007,"6,426,679",80.75,"25,523.28"
Italy,Europe,1952,"47,666,000",65.94,"4,931.40"
Italy,Europe,1957,"49,182,000",67.81,"6,248.66"
Italy,Europe,1962,"50,843,200",69.24,"8,243.58"
Italy,Europe,1967,"52,667,100",71.06,"10,022.40"
Italy,Europe,1972,"54,365,564",72.19,"12,269.27"
Italy,Europe,1977,"56,059,245",73.48,"14,255.98"
Italy,Europe,1982,"56,535,636",74.98,"16,537.48"
Italy,Europe,1987,"56,729,703",76.42,"19,207.23"
Italy,Europe,1992,"56,840,847",77.44,"22,013.64"
Italy,Europe,1997,"57,479,469",78.82,"24,675.02"
Italy,Europe,2002,"57,926,999",80.24,"27,968.10"
Italy,Europe,2007,"58,147,733",80.55,"28,569.72"
Jamaica,Americas,1952,"1,426,095",58.53,"2,898.53"
Jamaica,Americas,1957,"1,535,090",62.61,"4,756.53"
Jamaica,Americas,1962,"1,665,128",65.61,"5,246.11"
Jamaica,Americas,1967,"1,861,096",67.51,"6,124.70"
Jamaica,Americas,1972,"1,997,616",69.00,"7,433.89"
Jamaica,Americas,1977,"2,156,814",70.11,"6,650.20"
Jamaica,Americas,1982,"2,298,309",71.21,"6,068.05"
Jamaica,Americas,1987,"2,326,606",71.77,"6,351.24"
Jamaica,Americas,1992,"2,378,618",71.77,"7,404.92"
Jamaica,Americas,1997,"2,531,311",72.26,"7,121.92"
Jamaica,Americas,2002,"2,664,659",72.05,"6,994.77"
Jamaica,Americas,2007,"2,780,132",72.57,"7,320.88"
Japan,Asia,1952,"86,459,025",63.03,"3,216.96"
Japan,Asia,1957,"91,563,009",65.50,"4,317.69"
Japan,Asia,1962,"95,831,757",68.73,"6,576.65"
Japan,Asia,1967,"100,825,279",71.43,"9,847.79"
Japan,Asia,1972,"107,188,273",73.42,"14,778.79"
Japan,Asia,1977,"113,872,473",75.38,"16,610.38"
Japan,Asia,1982,"118,454,974",77.11,"19,384.11"
Japan,Asia,1987,"122,091,325",78.67,"22,375.94"
Japan,Asia,1992,"124,329,269",79.36,"26,824.90"
Japan,Asia,1997,"125,956,499",80.69,"28,816.58"
Japan,Asia,2002,"127,065,841",82.00,"28,604.59"
Japan,Asia,2007,"127,467,972",82.60,"31,656.07"
Jordan,Asia,1952,"607,914",43.16,"1,546.91"
Jordan,Asia,1957,"746,559",45.67,"1,886.08"
Jordan,Asia,1962,"933,559",48.13,"2,348.01"
Jordan,Asia,1967,"1,255,058",51.63,"2,741.80"
Jordan,Asia,1972,"1,613,551",56.53,"2,110.86"
Jordan,Asia,1977,"1,937,652",61.13,"2,852.35"
Jordan,Asia,1982,"2,347,031",63.74,"4,161.42"
Jordan,Asia,1987,"2,820,042",65.87,"4,448.68"
Jordan,Asia,1992,"3,867,409",68.02,"3,431.59"
Jordan,Asia,1997,"4,526,235",69.77,"3,645.38"
Jordan,Asia,2002,"5,307,470",71.26,"3,844.92"
Jordan,Asia,2007,"6,053,193",72.54,"4,519.46"
Kenya,Africa,1952,"6,464,046",42.27,853.54
Kenya,Africa,1957,"7,454,779",44.69,944.44
Kenya,Africa,1962,"8,678,557",47.95,896.97
Kenya,Africa,1967,"10,191,512",50.65,"1,056.74"
Kenya,Africa,1972,"12,044,785",53.56,"1,222.36"
Kenya,Africa,1977,"14,500,404",56.16,"1,267.61"
Kenya,Africa,1982,"17,661,452",58.77,"1,348.23"
Kenya,Africa,1987,"21,198,082",59.34,"1,361.94"
Kenya,Africa,1992,"25,020,539",59.29,"1,341.92"
Kenya,Africa,1997,"28,263,827",54.41,"1,360.49"
Kenya,Africa,2002,"31,386,842",50.99,"1,287.51"
Kenya,Africa,2007,"35,610,177",54.11,"1,463.25"
"Korea, Dem. Rep.",Asia,1952,"8,865,488",50.06,"1,088.28"
"Korea, Dem. Rep.",Asia,1957,"9,411,381",54.08,"1,571.13"
"Korea, Dem. Rep.",Asia,1962,"10,917,494",56.66,"1,621.69"
"Korea, Dem. Rep.",Asia,1967,"12,617,009",59.94,"2,143.54"
"Korea, Dem. Rep.",Asia,1972,"14,781,241",63.98,"3,701.62"
"Korea, Dem. Rep.",Asia,1977,"16,325,320",67.16,"4,106.30"
"Korea, Dem. Rep.",Asia,1982,"17,647,518",69.10,"4,106.53"
"Korea, Dem. Rep.",Asia,1987,"19,067,554",70.65,"4,106.49"
"Korea, Dem. Rep.",Asia,1992,"20,711,375",69.98,"3,726.06"
"Korea, Dem. Rep.",Asia,1997,"21,585,105",67.73,"1,690.76"
"Korea, Dem. Rep.",Asia,2002,"22,215,365",66.66,"1,646.76"
"Korea, Dem. Rep.",Asia,2007,"23,301,725",67.30,"1,593.07"
"Korea, Rep.",Asia,1952,"20,947,571",47.45,"1,030.59"
"Korea, Rep.",Asia,1957,"22,611,552",52.68,"1,487.59"
"Korea, Rep.",Asia,1962,"26,420,307",55.29,"1,536.34"
"Korea, Rep.",Asia,1967,"30,131,000",57.72,"2,029.23"
"Korea, Rep.",Asia,1972,"33,505,000",62.61,"3,030.88"
"Korea, Rep.",Asia,1977,"36,436,000",64.77,"4,657.22"
"Korea, Rep.",Asia,1982,"39,326,000",67.12,"5,622.94"
"Korea, Rep.",Asia,1987,"41,622,000",69.81,"8,533.09"
"Korea, Rep.",Asia,1992,"43,805,450",72.24,"12,104.28"
"Korea, Rep.",Asia,1997,"46,173,816",74.65,"15,993.53"
"Korea, Rep.",Asia,2002,"47,969,150",77.05,"19,233.99"
"Korea, Rep.",Asia,2007,"49,044,790",78.62,"23,348.14"
Kuwait,Asia,1952,"160,000",55.57,"108,382.35"
Kuwait,Asia,1957,"212,846",58.03,"113,523.13"
Kuwait,Asia,1962,"358,266",60.47,"95,458.11"
Kuwait,Asia,1967,"575,003",64.62,"80,894.88"
Kuwait,Asia,1972,"841,934",67.71,"109,347.87"
Kuwait,Asia,1977,"1,140,357",69.34,"59,265.48"
Kuwait,Asia,1982,"1,497,494",71.31,"31,354.04"
Kuwait,Asia,1987,"1,891,487",74.17,"28,118.43"
Kuwait,Asia,1992,"1,418,095",75.19,"34,932.92"
Kuwait,Asia,1997,"1,765,345",76.16,"40,300.62"
Kuwait,Asia,2002,"2,111,561",76.90,"35,110.11"
Kuwait,Asia,2007,"2,505,559",77.59,"47,306.99"
Lebanon,Asia,1952,"1,439,529",55.93,"4,834.80"
Lebanon,Asia,1957,"1,647,412",59.49,"6,089.79"
Lebanon,Asia,1962,"1,886,848",62.09,"5,714.56"
Lebanon,Asia,1967,"2,186,894",63.87,"6,006.98"
Lebanon,Asia,1972,"2,680,018",65.42,"7,486.38"
Lebanon,Asia,1977,"3,115,787",66.10,"8,659.70"
Lebanon,Asia,1982,"3,086,876",66.98,"7,640.52"
Lebanon,Asia,1987,"3,089,353",67.93,"5,377.09"
Lebanon,Asia,1992,"3,219,994",69.29,"6,890.81"
Lebanon,Asia,1997,"3,430,388",70.27,"8,754.96"
Lebanon,Asia,2002,"3,677,780",71.03,"9,313.94"
Lebanon,Asia,2007,"3,921,278",71.99,"10,461.06"
Lesotho,Africa,1952,"748,747",42.14,298.85
Lesotho,Africa,1957,"813,338",45.05,336.00
Lesotho,Africa,1962,"893,143",47.75,411.80
Lesotho,Africa,1967,"996,380",48.49,498.64
Lesotho,Africa,1972,"1,116,779",49.77,496.58
Lesotho,Africa,1977,"1,251,524",52.21,745.37
Lesotho,Africa,1982,"1,411,807",55.08,797.26
Lesotho,Africa,1987,"1,599,200",57.18,773.99
Lesotho,Africa,1992,"1,803,195",59.69,977.49
Lesotho,Africa,1997,"1,982,823",55.56,"1,186.15"
Lesotho,Africa,2002,"2,046,772",44.59,"1,275.18"
Lesotho,Africa,2007,"2,012,649",42.59,"1,569.33"
Liberia,Africa,1952,"863,308",38.48,575.57
Liberia,Africa,1957,"975,950",39.49,620.97
Liberia,Africa,1962,"1,112,796",40.50,634.20
Liberia,Africa,1967,"1,279,406",41.54,713.60
Liberia,Africa,1972,"1,482,628",42.61,803.01
Liberia,Africa,1977,"1,703,617",43.76,640.32
Liberia,Africa,1982,"1,956,875",44.85,572.20
Liberia,Africa,1987,"2,269,414",46.03,506.11
Liberia,Africa,1992,"1,912,974",40.80,636.62
Liberia,Africa,1997,"2,200,725",42.22,609.17
Liberia,Africa,2002,"2,814,651",43.75,531.48
Liberia,Africa,2007,"3,193,942",45.68,414.51
Libya,Africa,1952,"1,019,729",42.72,"2,387.55"
Libya,Africa,1957,"1,201,578",45.29,"3,448.28"
Libya,Africa,1962,"1,441,863",47.81,"6,757.03"
Libya,Africa,1967,"1,759,224",50.23,"18,772.75"
Libya,Africa,1972,"2,183,877",52.77,"21,011.50"
Libya,Africa,1977,"2,721,783",57.44,"21,951.21"
Libya,Africa,1982,"3,344,074",62.16,"17,364.28"
Libya,Africa,1987,"3,799,845",66.23,"11,770.59"
Libya,Africa,1992,"4,364,501",68.76,"9,640.14"
Libya,Africa,1997,"4,759,670",71.56,"9,467.45"
Libya,Africa,2002,"5,368,585",72.74,"9,534.68"
Libya,Africa,2007,"6,036,914",73.95,"12,057.50"
Madagascar,Africa,1952,"4,762,912",36.68,"1,443.01"
Madagascar,Africa,1957,"5,181,679",38.87,"1,589.20"
Madagascar,Africa,1962,"5,703,324",40.85,"1,643.39"
Madagascar,Africa,1967,"6,334,556",42.88,"1,634.05"
Madagascar,Africa,1972,"7,082,430",44.85,"1,748.56"
Madagascar,Africa,1977,"8,007,166",46.88,"1,544.23"
Madagascar,Africa,1982,"9,171,477",48.97,"1,302.88"
Madagascar,Africa,1987,"10,568,642",49.35,"1,155.44"
Madagascar,Africa,1992,"12,210,395",52.21,"1,040.68"
Madagascar,Africa,1997,"14,165,114",54.98,986.30
Madagascar,Africa,2002,"16,473,477",57.29,894.64
Madagascar,Africa,2007,"19,167,654",59.44,"1,044.77"
Malawi,Africa,1952,"2,917,802",36.26,369.17
Malawi,Africa,1957,"3,221,238",37.21,416.37
Malawi,Africa,1962,"3,628,608",38.41,427.90
Malawi,Africa,1967,"4,147,252",39.49,495.51
Malawi,Africa,1972,"4,730,997",41.77,584.62
Malawi,Africa,1977,"5,637,246",43.77,663.22
Malawi,Africa,1982,"6,502,825",45.64,632.80
Malawi,Africa,1987,"7,824,747",47.46,635.52
Malawi,Africa,1992,"10,014,249",49.42,563.20
Malawi,Africa,1997,"10,419,991",47.50,692.28
Malawi,Africa,2002,"11,824,495",45.01,665.42
Malawi,Africa,2007,"13,327,079",48.30,759.35
Malaysia,Asia,1952,"6,748,378",48.46,"1,831.13"
Malaysia,Asia,1957,"7,739,235",52.10,"1,810.07"
Malaysia,Asia,1962,"8,906,385",55.74,"2,036.88"
Malaysia,Asia,1967,"10,154,878",59.37,"2,277.74"
Malaysia,Asia,1972,"11,441,462",63.01,"2,849.09"
Malaysia,Asia,1977,"12,845,381",65.26,"3,827.92"
Malaysia,Asia,1982,"14,441,916",68.00,"4,920.36"
Malaysia,Asia,1987,"16,331,785",69.50,"5,249.80"
Malaysia,Asia,1992,"18,319,502",70.69,"7,277.91"
Malaysia,Asia,1997,"20,476,091",71.94,"10,132.91"
Malaysia,Asia,2002,"22,662,365",73.04,"10,206.98"
Malaysia,Asia,2007,"24,821,286",74.24,"12,451.66"
Mali,Africa,1952,"3,838,168",33.69,452.34
Mali,Africa,1957,"4,241,884",35.31,490.38
Mali,Africa,1962,"4,690,372",36.94,496.17
Mali,Africa,1967,"5,212,416",38.49,545.01
Mali,Africa,1972,"5,828,158",39.98,581.37
Mali,Africa,1977,"6,491,649",41.71,686.40
Mali,Africa,1982,"6,998,256",43.92,618.01
Mali,Africa,1987,"7,634,008",46.36,684.17
Mali,Africa,1992,"8,416,215",48.39,739.01
Mali,Africa,1997,"9,384,984",49.90,790.26
Mali,Africa,2002,"10,580,176",51.82,951.41
Mali,Africa,2007,"12,031,795",54.47,"1,042.58"
Mauritania,Africa,1952,"1,022,556",40.54,743.12
Mauritania,Africa,1957,"1,076,852",42.34,846.12
Mauritania,Africa,1962,"1,146,757",44.25,"1,055.90"
Mauritania,Africa,1967,"1,230,542",46.29,"1,421.15"
Mauritania,Africa,1972,"1,332,786",48.44,"1,586.85"
Mauritania,Africa,1977,"1,456,688",50.85,"1,497.49"
Mauritania,Africa,1982,"1,622,136",53.60,"1,481.15"
Mauritania,Africa,1987,"1,841,240",56.15,"1,421.60"
Mauritania,Africa,1992,"2,119,465",58.33,"1,361.37"
Mauritania,Africa,1997,"2,444,741",60.43,"1,483.14"
Mauritania,Africa,2002,"2,828,858",62.25,"1,579.02"
Mauritania,Africa,2007,"3,270,065",64.16,"1,803.15"
Mauritius,Africa,1952,"516,556",50.99,"1,967.96"
Mauritius,Africa,1957,"609,816",58.09,"2,034.04"
Mauritius,Africa,1962,"701,016",60.25,"2,529.07"
Mauritius,Africa,1967,"789,309",61.56,"2,475.39"
Mauritius,Africa,1972,"851,334",62.94,"2,575.48"
Mauritius,Africa,1977,"913,025",64.93,"3,710.98"
Mauritius,Africa,1982,"992,040",66.71,"3,688.04"
Mauritius,Africa,1987,"1,042,663",68.74,"4,783.59"
Mauritius,Africa,1992,"1,096,202",69.75,"6,058.25"
Mauritius,Africa,1997,"1,149,818",70.74,"7,425.71"
Mauritius,Africa,2002,"1,200,206",71.95,"9,021.82"
Mauritius,Africa,2007,"1,250,882",72.80,"10,956.99"
Mexico,Americas,1952,"30,144,317",50.79,"3,478.13"
Mexico,Americas,1957,"35,015,548",55.19,"4,131.55"
Mexico,Americas,1962,"41,121,485",58.30,"4,581.61"
Mexico,Americas,1967,"47,995,559",60.11,"5,754.73"
Mexico,Americas,1972,"55,984,294",62.36,"6,809.41"
Mexico,Americas,1977,"63,759,976",65.03,"7,674.93"
Mexico,Americas,1982,"71,640,904",67.41,"9,611.15"
Mexico,Americas,1987,"80,122,492",69.50,"8,688.16"
Mexico,Americas,1992,"88,111,030",71.46,"9,472.38"
Mexico,Americas,1997,"95,895,146",73.67,"9,767.30"
Mexico,Americas,2002,"102,479,927",74.90,"10,742.44"
Mexico,Americas,2007,"108,700,891",76.20,"11,977.57"
Mongolia,Asia,1952,"800,663",42.24,786.57
Mongolia,Asia,1957,"882,134",45.25,912.66
Mongolia,Asia,1962,"1,010,280",48.25,"1,056.35"
Mongolia,Asia,1967,"1,149,500",51.25,"1,226.04"
Mongolia,Asia,1972,"1,320,500",53.75,"1,421.74"
Mongolia,Asia,1977,"1,528,000",55.49,"1,647.51"
Mongolia,Asia,1982,"1,756,032",57.49,"2,000.60"
Mongolia,Asia,1987,"2,015,133",60.22,"2,338.01"
Mongolia,Asia,1992,"2,312,802",61.27,"1,785.40"
Mongolia,Asia,1997,"2,494,803",63.63,"1,902.25"
Mongolia,Asia,2002,"2,674,234",65.03,"2,140.74"
Mongolia,Asia,2007,"2,874,127",66.80,"3,095.77"
Montenegro,Europe,1952,"413,834",59.16,"2,647.59"
Montenegro,Europe,1957,"442,829",61.45,"3,682.26"
Montenegro,Europe,1962,"474,528",63.73,"4,649.59"
Montenegro,Europe,1967,"501,035",67.18,"5,907.85"
Montenegro,Europe,1972,"527,678",70.64,"7,778.41"
Montenegro,Europe,1977,"560,073",73.07,"9,595.93"
Montenegro,Europe,1982,"562,548",74.10,"11,222.59"
Montenegro,Europe,1987,"569,473",74.87,"11,732.51"
Montenegro,Europe,1992,"621,621",75.44,"7,003.34"
Montenegro,Europe,1997,"692,651",75.45,"6,465.61"
Montenegro,Europe,2002,"720,230",73.98,"6,557.19"
Montenegro,Europe,2007,"684,736",74.54,"9,253.90"
Morocco,Africa,1952,"9,939,217",42.87,"1,688.20"
Morocco,Africa,1957,"11,406,350",45.42,"1,642.00"
Morocco,Africa,1962,"13,056,604",47.92,"1,566.35"
Morocco,Africa,1967,"14,770,296",50.34,"1,711.04"
Morocco,Africa,1972,"16,660,670",52.86,"1,930.19"
Morocco,Africa,1977,"18,396,941",55.73,"2,370.62"
Morocco,Africa,1982,"20,198,730",59.65,"2,702.62"
Morocco,Africa,1987,"22,987,397",62.68,"2,755.05"
Morocco,Africa,1992,"25,798,239",65.39,"2,948.05"
Morocco,Africa,1997,"28,529,501",67.66,"2,982.10"
Morocco,Africa,2002,"31,167,783",69.62,"3,258.50"
Morocco,Africa,2007,"33,757,175",71.16,"3,820.18"
Mozambique,Africa,1952,"6,446,316",31.29,468.53
Mozambique,Africa,1957,"7,038,035",33.78,495.59
Mozambique,Africa,1962,"7,788,944",36.16,556.69
Mozambique,Africa,1967,"8,680,909",38.11,566.67
Mozambique,Africa,1972,"9,809,596",40.33,724.92
Mozambique,Africa,1977,"11,127,868",42.50,502.32
Mozambique,Africa,1982,"12,587,223",42.80,462.21
Mozambique,Africa,1987,"12,891,952",42.86,389.88
Mozambique,Africa,1992,"13,160,731",44.28,410.90
Mozambique,Africa,1997,"16,603,334",46.34,472.35
Mozambique,Africa,2002,"18,473,780",44.03,633.62
Mozambique,Africa,2007,"19,951,656",42.08,823.69
Myanmar,Asia,1952,"20,092,996",36.32,331.00
Myanmar,Asia,1957,"21,731,844",41.91,350.00
Myanmar,Asia,1962,"23,634,436",45.11,388.00
Myanmar,Asia,1967,"25,870,271",49.38,349.00
Myanmar,Asia,1972,"28,466,390",53.07,357.00
Myanmar,Asia,1977,"31,528,087",56.06,371.00
Myanmar,Asia,1982,"34,680,442",58.06,424.00
Myanmar,Asia,1987,"38,028,578",58.34,385.00
Myanmar,Asia,1992,"40,546,538",59.32,347.00
Myanmar,Asia,1997,"43,247,867",60.33,415.00
Myanmar,Asia,2002,"45,598,081",59.91,611.00
Myanmar,Asia,2007,"47,761,980",62.07,944.00
Namibia,Africa,1952,"485,831",41.73,"2,423.78"
Namibia,Africa,1957,"548,080",45.23,"2,621.45"
Namibia,Africa,1962,"621,392",48.39,"3,173.22"
Namibia,Africa,1967,"706,640",51.16,"3,793.69"
Namibia,Africa,1972,"821,782",53.87,"3,746.08"
Namibia,Africa,1977,"977,026",56.44,"3,876.49"
Namibia,Africa,1982,"1,099,010",58.97,"4,191.10"
Namibia,Africa,1987,"1,278,184",60.84,"3,693.73"
Namibia,Africa,1992,"1,554,253",62.00,"3,804.54"
Namibia,Africa,1997,"1,774,766",58.91,"3,899.52"
Namibia,Africa,2002,"1,972,153",51.48,"4,072.32"
Namibia,Africa,2007,"2,055,080",52.91,"4,811.06"
Nepal,Asia,1952,"9,182,536",36.16,545.87
Nepal,Asia,1957,"9,682,338",37.69,597.94
Nepal,Asia,1962,"10,332,057",39.39,652.40
Nepal,Asia,1967,"11,261,690",41.47,676.44
Nepal,Asia,1972,"12,412,593",43.97,674.79
Nepal,Asia,1977,"13,933,198",46.75,694.11
Nepal,Asia,1982,"15,796,314",49.59,718.37
Nepal,Asia,1987,"17,917,180",52.54,775.63
Nepal,Asia,1992,"20,326,209",55.73,897.74
Nepal,Asia,1997,"23,001,113",59.43,"1,010.89"
Nepal,Asia,2002,"25,873,917",61.34,"1,057.21"
Nepal,Asia,2007,"28,901,790",63.79,"1,091.36"
Netherlands,Europe,1952,"10,381,988",72.13,"8,941.57"
Netherlands,Europe,1957,"11,026,383",72.99,"11,276.19"
Netherlands,Europe,1962,"11,805,689",73.23,"12,790.85"
Netherlands,Europe,1967,"12,596,822",73.82,"15,363.25"
Netherlands,Europe,1972,"13,329,874",73.75,"18,794.75"
Netherlands,Europe,1977,"13,852,989",75.24,"21,209.06"
Netherlands,Europe,1982,"14,310,401",76.05,"21,399.46"
Netherlands,Europe,1987,"14,665,278",76.83,"23,651.32"
Netherlands,Europe,1992,"15,174,244",77.42,"26,790.95"
Netherlands,Europe,1997,"15,604,464",78.03,"30,246.13"
Netherlands,Europe,2002,"16,122,830",78.53,"33,724.76"
Netherlands,Europe,2007,"16,570,613",79.76,"36,797.93"
New Zealand,Oceania,1952,"1,994,794",69.39,"10,556.58"
New Zealand,Oceania,1957,"2,229,407",70.26,"12,247.40"
New Zealand,Oceania,1962,"2,488,550",71.24,"13,175.68"
New Zealand,Oceania,1967,"2,728,150",71.52,"14,463.92"
New Zealand,Oceania,1972,"2,929,100",71.89,"16,046.04"
New Zealand,Oceania,1977,"3,164,900",72.22,"16,233.72"
New Zealand,Oceania,1982,"3,210,650",73.84,"17,632.41"
New Zealand,Oceania,1987,"3,317,166",74.32,"19,007.19"
New Zealand,Oceania,1992,"3,437,674",76.33,"18,363.32"
New Zealand,Oceania,1997,"3,676,187",77.55,"21,050.41"
New Zealand,Oceania,2002,"3,908,037",79.11,"23,189.80"
New Zealand,Oceania,2007,"4,115,771",80.20,"25,185.01"
Nicaragua,Americas,1952,"1,165,790",42.31,"3,112.36"
Nicaragua,Americas,1957,"1,358,828",45.43,"3,457.42"
Nicaragua,Americas,1962,"1,590,597",48.63,"3,634.36"
Nicaragua,Americas,1967,"1,865,490",51.88,"4,643.39"
Nicaragua,Americas,1972,"2,182,908",55.15,"4,688.59"
Nicaragua,Americas,1977,"2,554,598",57.47,"5,486.37"
Nicaragua,Americas,1982,"2,979,423",59.30,"3,470.34"
Nicaragua,Americas,1987,"3,344,353",62.01,"2,955.98"
Nicaragua,Americas,1992,"4,017,939",65.84,"2,170.15"
Nicaragua,Americas,1997,"4,609,572",68.43,"2,253.02"
Nicaragua,Americas,2002,"5,146,848",70.84,"2,474.55"
Nicaragua,Americas,2007,"5,675,356",72.90,"2,749.32"
Niger,Africa,1952,"3,379,468",37.44,761.88
Niger,Africa,1957,"3,692,184",38.60,835.52
Niger,Africa,1962,"4,076,008",39.49,997.77
Niger,Africa,1967,"4,534,062",40.12,"1,054.38"
Niger,Africa,1972,"5,060,262",40.55,954.21
Niger,Africa,1977,"5,682,086",41.29,808.90
Niger,Africa,1982,"6,437,188",42.60,909.72
Niger,Africa,1987,"7,332,638",44.56,668.30
Niger,Africa,1992,"8,392,818",47.39,581.18
Niger,Africa,1997,"9,666,252",51.31,580.31
Niger,Africa,2002,"11,140,655",54.50,601.07
Niger,Africa,2007,"12,894,865",56.87,619.68
Nigeria,Africa,1952,"33,119,096",36.32,"1,077.28"
Nigeria,Africa,1957,"37,173,340",37.80,"1,100.59"
Nigeria,Africa,1962,"41,871,351",39.36,"1,150.93"
Nigeria,Africa,1967,"47,287,752",41.04,"1,014.51"
Nigeria,Africa,1972,"53,740,085",42.82,"1,698.39"
Nigeria,Africa,1977,"62,209,173",44.51,"1,981.95"
Nigeria,Africa,1982,"73,039,376",45.83,"1,576.97"
Nigeria,Africa,1987,"81,551,520",46.89,"1,385.03"
Nigeria,Africa,1992,"93,364,244",47.47,"1,619.85"
Nigeria,Africa,1997,"106,207,839",47.46,"1,624.94"
Nigeria,Africa,2002,"119,901,274",46.61,"1,615.29"
Nigeria,Africa,2007,"135,031,164",46.86,"2,013.98"
Norway,Europe,1952,"3,327,728",72.67,"10,095.42"
Norway,Europe,1957,"3,491,938",73.44,"11,653.97"
Norway,Europe,1962,"3,638,919",73.47,"13,450.40"
Norway,Europe,1967,"3,786,019",74.08,"16,361.88"
Norway,Europe,1972,"3,933,004",74.34,"18,965.06"
Norway,Europe,1977,"4,043,205",75.37,"23,311.35"
Norway,Europe,1982,"4,114,787",75.97,"26,298.64"
Norway,Europe,1987,"4,186,147",75.89,"31,540.97"
Norway,Europe,1992,"4,286,357",77.32,"33,965.66"
Norway,Europe,1997,"4,405,672",78.32,"41,283.16"
Norway,Europe,2002,"4,535,591",79.05,"44,683.98"
Norway,Europe,2007,"4,627,926",80.20,"49,357.19"
Oman,Asia,1952,"507,833",37.58,"1,828.23"
Oman,Asia,1957,"561,977",40.08,"2,242.75"
Oman,Asia,1962,"628,164",43.17,"2,924.64"
Oman,Asia,1967,"714,775",46.99,"4,720.94"
Oman,Asia,1972,"829,050",52.14,"10,618.04"
Oman,Asia,1977,"1,004,533",57.37,"11,848.34"
Oman,Asia,1982,"1,301,048",62.73,"12,954.79"
Oman,Asia,1987,"1,593,882",67.73,"18,115.22"
Oman,Asia,1992,"1,915,208",71.20,"18,616.71"
Oman,Asia,1997,"2,283,635",72.50,"19,702.06"
Oman,Asia,2002,"2,713,462",74.19,"19,774.84"
Oman,Asia,2007,"3,204,897",75.64,"22,316.19"
Pakistan,Asia,1952,"41,346,560",43.44,684.60
Pakistan,Asia,1957,"46,679,944",45.56,747.08
Pakistan,Asia,1962,"53,100,671",47.67,803.34
Pakistan,Asia,1967,"60,641,899",49.80,942.41
Pakistan,Asia,1972,"69,325,921",51.93,"1,049.94"
Pakistan,Asia,1977,"78,152,686",54.04,"1,175.92"
Pakistan,Asia,1982,"91,462,088",56.16,"1,443.43"
Pakistan,Asia,1987,"105,186,881",58.25,"1,704.69"
Pakistan,Asia,1992,"120,065,004",60.84,"1,971.83"
Pakistan,Asia,1997,"135,564,834",61.82,"2,049.35"
Pakistan,Asia,2002,"153,403,524",63.61,"2,092.71"
Pakistan,Asia,2007,"169,270,617",65.48,"2,605.95"
Panama,Americas,1952,"940,080",55.19,"2,480.38"
Panama,Americas,1957,"1,063,506",59.20,"2,961.80"
Panama,Americas,1962,"1,215,725",61.82,"3,536.54"
Panama,Americas,1967,"1,405,486",64.07,"4,421.01"
Panama,Americas,1972,"1,616,384",66.22,"5,364.25"
Panama,Americas,1977,"1,839,782",68.68,"5,351.91"
Panama,Americas,1982,"2,036,305",70.47,"7,009.60"
Panama,Americas,1987,"2,253,639",71.52,"7,034.78"
Panama,Americas,1992,"2,484,997",72.46,"6,618.74"
Panama,Americas,1997,"2,734,531",73.74,"7,113.69"
Panama,Americas,2002,"2,990,875",74.71,"7,356.03"
Panama,Americas,2007,"3,242,173",75.54,"9,809.19"
Paraguay,Americas,1952,"1,555,876",62.65,"1,952.31"
Paraguay,Americas,1957,"1,770,902",63.20,"2,046.15"
Paraguay,Americas,1962,"2,009,813",64.36,"2,148.03"
Paraguay,Americas,1967,"2,287,985",64.95,"2,299.38"
Paraguay,Americas,1972,"2,614,104",65.82,"2,523.34"
Paraguay,Americas,1977,"2,984,494",66.35,"3,248.37"
Paraguay,Americas,1982,"3,366,439",66.87,"4,258.50"
Paraguay,Americas,1987,"3,886,512",67.38,"3,998.88"
Paraguay,Americas,1992,"4,483,945",68.23,"4,196.41"
Paraguay,Americas,1997,"5,154,123",69.40,"4,247.40"
Paraguay,Americas,2002,"5,884,491",70.76,"3,783.67"
Paraguay,Americas,2007,"6,667,147",71.75,"4,172.84"
Peru,Americas,1952,"8,025,700",43.90,"3,758.52"
Peru,Americas,1957,"9,146,100",46.26,"4,245.26"
Peru,Americas,1962,"10,516,500",49.10,"4,957.04"
Peru,Americas,1967,"12,132,200",51.45,"5,788.09"
Peru,Americas,1972,"13,954,700",55.45,"5,937.83"
Peru,Americas,1977,"15,990,099",58.45,"6,281.29"
Peru,Americas,1982,"18,125,129",61.41,"6,434.50"
Peru,Americas,1987,"20,195,924",64.13,"6,360.94"
Peru,Americas,1992,"22,430,449",66.46,"4,446.38"
Peru,Americas,1997,"24,748,122",68.39,"5,838.35"
Peru,Americas,2002,"26,769,436",69.91,"5,909.02"
Peru,Americas,2007,"28,674,757",71.42,"7,408.91"
Philippines,Asia,1952,"22,438,691",47.75,"1,272.88"
Philippines,Asia,1957,"26,072,194",51.33,"1,547.94"
Philippines,Asia,1962,"30,325,264",54.76,"1,649.55"
Philippines,Asia,1967,"35,356,600",56.39,"1,814.13"
Philippines,Asia,1972,"40,850,141",58.07,"1,989.37"
Philippines,Asia,1977,"46,850,962",60.06,"2,373.20"
Philippines,Asia,1982,"53,456,774",62.08,"2,603.27"
Philippines,Asia,1987,"60,017,788",64.15,"2,189.63"
Philippines,Asia,1992,"67,185,766",66.46,"2,279.32"
Philippines,Asia,1997,"75,012,988",68.56,"2,536.53"
Philippines,Asia,2002,"82,995,088",70.30,"2,650.92"
Philippines,Asia,2007,"91,077,287",71.69,"3,190.48"
Poland,Europe,1952,"25,730,551",61.31,"4,029.33"
Poland,Europe,1957,"28,235,346",65.77,"4,734.25"
Poland,Europe,1962,"30,329,617",67.64,"5,338.75"
Poland,Europe,1967,"31,785,378",69.61,"6,557.15"
Poland,Europe,1972,"33,039,545",70.85,"8,006.51"
Poland,Europe,1977,"34,621,254",70.67,"9,508.14"
Poland,Europe,1982,"36,227,381",71.32,"8,451.53"
Poland,Europe,1987,"37,740,710",70.98,"9,082.35"
Poland,Europe,1992,"38,370,697",70.99,"7,738.88"
Poland,Europe,1997,"38,654,957",72.75,"10,159.58"
Poland,Europe,2002,"38,625,976",74.67,"12,002.24"
Poland,Europe,2007,"38,518,241",75.56,"15,389.92"
Portugal,Europe,1952,"8,526,050",59.82,"3,068.32"
Portugal,Europe,1957,"8,817,650",61.51,"3,774.57"
Portugal,Europe,1962,"9,019,800",64.39,"4,727.95"
Portugal,Europe,1967,"9,103,000",66.60,"6,361.52"
Portugal,Europe,1972,"8,970,450",69.26,"9,022.25"
Portugal,Europe,1977,"9,662,600",70.41,"10,172.49"
Portugal,Europe,1982,"9,859,650",72.77,"11,753.84"
Portugal,Europe,1987,"9,915,289",74.06,"13,039.31"
Portugal,Europe,1992,"9,927,680",74.86,"16,207.27"
Portugal,Europe,1997,"10,156,415",75.97,"17,641.03"
Portugal,Europe,2002,"10,433,867",77.29,"19,970.91"
Portugal,Europe,2007,"10,642,836",78.10,"20,509.65"
Puerto Rico,Americas,1952,"2,227,000",64.28,"3,081.96"
Puerto Rico,Americas,1957,"2,260,000",68.54,"3,907.16"
Puerto Rico,Americas,1962,"2,448,046",69.62,"5,108.34"
Puerto Rico,Americas,1967,"2,648,961",71.10,"6,929.28"
Puerto Rico,Americas,1972,"2,847,132",72.16,"9,123.04"
Puerto Rico,Americas,1977,"3,080,828",73.44,"9,770.52"
Puerto Rico,Americas,1982,"3,279,001",73.75,"10,330.99"
Puerto Rico,Americas,1987,"3,444,468",74.63,"12,281.34"
Puerto Rico,Americas,1992,"3,585,176",73.91,"14,641.59"
Puerto Rico,Americas,1997,"3,759,430",74.92,"16,999.43"
Puerto Rico,Americas,2002,"3,859,606",77.78,"18,855.61"
Puerto Rico,Americas,2007,"3,942,491",78.75,"19,328.71"
Reunion,Africa,1952,"257,700",52.72,"2,718.89"
Reunion,Africa,1957,"308,700",55.09,"2,769.45"
Reunion,Africa,1962,"358,900",57.67,"3,173.72"
Reunion,Africa,1967,"414,024",60.54,"4,021.18"
Reunion,Africa,1972,"461,633",64.27,"5,047.66"
Reunion,Africa,1977,"492,095",67.06,"4,319.80"
Reunion,Africa,1982,"517,810",69.89,"5,267.22"
Reunion,Africa,1987,"562,035",71.91,"5,303.38"
Reunion,Africa,1992,"622,191",73.62,"6,101.26"
Reunion,Africa,1997,"684,810",74.77,"6,071.94"
Reunion,Africa,2002,"743,981",75.74,"6,316.17"
Reunion,Africa,2007,"798,094",76.44,"7,670.12"
Romania,Europe,1952,"16,630,000",61.05,"3,144.61"
Romania,Europe,1957,"17,829,327",64.10,"3,943.37"
Romania,Europe,1962,"18,680,721",66.80,"4,735.00"
Romania,Europe,1967,"19,284,814",66.80,"6,470.87"
Romania,Europe,1972,"20,662,648",69.21,"8,011.41"
Romania,Europe,1977,"21,658,597",69.46,"9,356.40"
Romania,Europe,1982,"22,356,726",69.66,"9,605.31"
Romania,Europe,1987,"22,686,371",69.53,"9,696.27"
Romania,Europe,1992,"22,797,027",69.36,"6,598.41"
Romania,Europe,1997,"22,562,458",69.72,"7,346.55"
Romania,Europe,2002,"22,404,337",71.32,"7,885.36"
Romania,Europe,2007,"22,276,056",72.48,"10,808.48"
Rwanda,Africa,1952,"2,534,927",40.00,493.32
Rwanda,Africa,1957,"2,822,082",41.50,540.29
Rwanda,Africa,1962,"3,051,242",43.00,597.47
Rwanda,Africa,1967,"3,451,079",44.10,510.96
Rwanda,Africa,1972,"3,992,121",44.60,590.58
Rwanda,Africa,1977,"4,657,072",45.00,670.08
Rwanda,Africa,1982,"5,507,565",46.22,881.57
Rwanda,Africa,1987,"6,349,365",44.02,847.99
Rwanda,Africa,1992,"7,290,203",23.60,737.07
Rwanda,Africa,1997,"7,212,583",36.09,589.94
Rwanda,Africa,2002,"7,852,401",43.41,785.65
Rwanda,Africa,2007,"8,860,588",46.24,863.09
Sao Tome and Principe,Africa,1952,"60,011",46.47,879.58
Sao Tome and Principe,Africa,1957,"61,325",48.95,860.74
Sao Tome and Principe,Africa,1962,"65,345",51.89,"1,071.55"
Sao Tome and Principe,Africa,1967,"70,787",54.43,"1,384.84"
Sao Tome and Principe,Africa,1972,"76,595",56.48,"1,532.99"
Sao Tome and Principe,Africa,1977,"86,796",58.55,"1,737.56"
Sao Tome and Principe,Africa,1982,"98,593",60.35,"1,890.22"
Sao Tome and Principe,Africa,1987,"110,812",61.73,"1,516.53"
Sao Tome and Principe,Africa,1992,"125,911",62.74,"1,428.78"
Sao Tome and Principe,Africa,1997,"145,608",63.31,"1,339.08"
Sao Tome and Principe,Africa,2002,"170,372",64.34,"1,353.09"
Sao Tome and Principe,Africa,2007,"199,579",65.53,"1,598.44"
Saudi Arabia,Asia,1952,"4,005,677",39.88,"6,459.55"
Saudi Arabia,Asia,1957,"4,419,650",42.87,"8,157.59"
Saudi Arabia,Asia,1962,"4,943,029",45.91,"11,626.42"
Saudi Arabia,Asia,1967,"5,618,198",49.90,"16,903.05"
Saudi Arabia,Asia,1972,"6,472,756",53.89,"24,837.43"
Saudi Arabia,Asia,1977,"8,128,505",58.69,"34,167.76"
Saudi Arabia,Asia,1982,"11,254,672",63.01,"33,693.18"
Saudi Arabia,Asia,1987,"14,619,745",66.30,"21,198.26"
Saudi Arabia,Asia,1992,"16,945,857",68.77,"24,841.62"
Saudi Arabia,Asia,1997,"21,229,759",70.53,"20,586.69"
Saudi Arabia,Asia,2002,"24,501,530",71.63,"19,014.54"
Saudi Arabia,Asia,2007,"27,601,038",72.78,"21,654.83"
Senegal,Africa,1952,"2,755,589",37.28,"1,450.36"
Senegal,Africa,1957,"3,054,547",39.33,"1,567.65"
Senegal,Africa,1962,"3,430,243",41.45,"1,654.99"
Senegal,Africa,1967,"3,965,841",43.56,"1,612.40"
Senegal,Africa,1972,"4,588,696",45.82,"1,597.71"
Senegal,Africa,1977,"5,260,855",48.88,"1,561.77"
Senegal,Africa,1982,"6,147,783",52.38,"1,518.48"
Senegal,Africa,1987,"7,171,347",55.77,"1,441.72"
Senegal,Africa,1992,"8,307,920",58.20,"1,367.90"
Senegal,Africa,1997,"9,535,314",60.19,"1,392.37"
Senegal,Africa,2002,"10,870,037",61.60,"1,519.64"
Senegal,Africa,2007,"12,267,493",63.06,"1,712.47"
Serbia,Europe,1952,"6,860,147",58.00,"3,581.46"
Serbia,Europe,1957,"7,271,135",61.69,"4,981.09"
Serbia,Europe,1962,"7,616,060",64.53,"6,289.63"
Serbia,Europe,1967,"7,971,222",66.91,"7,991.71"
Serbia,Europe,1972,"8,313,288",68.70,"10,522.07"
Serbia,Europe,1977,"8,686,367",70.30,"12,980.67"
Serbia,Europe,1982,"9,032,824",70.16,"15,181.09"
Serbia,Europe,1987,"9,230,783",71.22,"15,870.88"
Serbia,Europe,1992,"9,826,397",71.66,"9,325.07"
Serbia,Europe,1997,"10,336,594",72.23,"7,914.32"
Serbia,Europe,2002,"10,111,559",73.21,"7,236.08"
Serbia,Europe,2007,"10,150,265",74.00,"9,786.53"
Sierra Leone,Africa,1952,"2,143,249",30.33,879.79
Sierra Leone,Africa,1957,"2,295,678",31.57,"1,004.48"
Sierra Leone,Africa,1962,"2,467,895",32.77,"1,116.64"
Sierra Leone,Africa,1967,"2,662,190",34.11,"1,206.04"
Sierra Leone,Africa,1972,"2,879,013",35.40,"1,353.76"
Sierra Leone,Africa,1977,"3,140,897",36.79,"1,348.29"
Sierra Leone,Africa,1982,"3,464,522",38.45,"1,465.01"
Sierra Leone,Africa,1987,"3,868,905",40.01,"1,294.45"
Sierra Leone,Africa,1992,"4,260,884",38.33,"1,068.70"
Sierra Leone,Africa,1997,"4,578,212",39.90,574.65
Sierra Leone,Africa,2002,"5,359,092",41.01,699.49
Sierra Leone,Africa,2007,"6,144,562",42.57,862.54
Singapore,Asia,1952,"1,127,000",60.40,"2,315.14"
Singapore,Asia,1957,"1,445,929",63.18,"2,843.10"
Singapore,Asia,1962,"1,750,200",65.80,"3,674.74"
Singapore,Asia,1967,"1,977,600",67.95,"4,977.42"
Singapore,Asia,1972,"2,152,400",69.52,"8,597.76"
Singapore,Asia,1977,"2,325,300",70.80,"11,210.09"
Singapore,Asia,1982,"2,651,869",71.76,"15,169.16"
Singapore,Asia,1987,"2,794,552",73.56,"18,861.53"
Singapore,Asia,1992,"3,235,865",75.79,"24,769.89"
Singapore,Asia,1997,"3,802,309",77.16,"33,519.48"
Singapore,Asia,2002,"4,197,776",78.77,"36,023.11"
Singapore,Asia,2007,"4,553,009",79.97,"47,143.18"
Slovak Republic,Europe,1952,"3,558,137",64.36,"5,074.66"
Slovak Republic,Europe,1957,"3,844,277",67.45,"6,093.26"
Slovak Republic,Europe,1962,"4,237,384",70.33,"7,481.11"
Slovak Republic,Europe,1967,"4,442,238",70.98,"8,412.90"
Slovak Republic,Europe,1972,"4,593,433",70.35,"9,674.17"
Slovak Republic,Europe,1977,"4,827,803",70.45,"10,922.66"
Slovak Republic,Europe,1982,"5,048,043",70.80,"11,348.55"
Slovak Republic,Europe,1987,"5,199,318",71.08,"12,037.27"
Slovak Republic,Europe,1992,"5,302,888",71.38,"9,498.47"
Slovak Republic,Europe,1997,"5,383,010",72.71,"12,126.23"
Slovak Republic,Europe,2002,"5,410,052",73.80,"13,638.78"
Slovak Republic,Europe,2007,"5,447,502",74.66,"18,678.31"
Slovenia,Europe,1952,"1,489,518",65.57,"4,215.04"
Slovenia,Europe,1957,"1,533,070",67.85,"5,862.28"
Slovenia,Europe,1962,"1,582,962",69.15,"7,402.30"
Slovenia,Europe,1967,"1,646,912",69.18,"9,405.49"
Slovenia,Europe,1972,"1,694,510",69.82,"12,383.49"
Slovenia,Europe,1977,"1,746,919",70.97,"15,277.03"
Slovenia,Europe,1982,"1,861,252",71.06,"17,866.72"
Slovenia,Europe,1987,"1,945,870",72.25,"18,678.53"
Slovenia,Europe,1992,"1,999,210",73.64,"14,214.72"
Slovenia,Europe,1997,"2,011,612",75.13,"17,161.11"
Slovenia,Europe,2002,"2,011,497",76.66,"20,660.02"
Slovenia,Europe,2007,"2,009,245",77.93,"25,768.26"
Somalia,Africa,1952,"2,526,994",32.98,"1,135.75"
Somalia,Africa,1957,"2,780,415",34.98,"1,258.15"
Somalia,Africa,1962,"3,080,153",36.98,"1,369.49"
Somalia,Africa,1967,"3,428,839",38.98,"1,284.73"
Somalia,Africa,1972,"3,840,161",40.97,"1,254.58"
Somalia,Africa,1977,"4,353,666",41.97,"1,450.99"
Somalia,Africa,1982,"5,828,892",42.96,"1,176.81"
Somalia,Africa,1987,"6,921,858",44.50,"1,093.24"
Somalia,Africa,1992,"6,099,799",39.66,926.96
Somalia,Africa,1997,"6,633,514",43.80,930.60
Somalia,Africa,2002,"7,753,310",45.94,882.08
Somalia,Africa,2007,"9,118,773",48.16,926.14
South Africa,Africa,1952,"14,264,935",45.01,"4,725.30"
South Africa,Africa,1957,"16,151,549",47.99,"5,487.10"
South Africa,Africa,1962,"18,356,657",49.95,"5,768.73"
South Africa,Africa,1967,"20,997,321",51.93,"7,114.48"
South Africa,Africa,1972,"23,935,810",53.70,"7,765.96"
South Africa,Africa,1977,"27,129,932",55.53,"8,028.65"
South Africa,Africa,1982,"31,140,029",58.16,"8,568.27"
South Africa,Africa,1987,"35,933,379",60.83,"7,825.82"
South Africa,Africa,1992,"39,964,159",61.89,"7,225.07"
South Africa,Africa,1997,"42,835,005",60.24,"7,479.19"
South Africa,Africa,2002,"44,433,622",53.37,"7,710.95"
South Africa,Africa,2007,"43,997,828",49.34,"9,269.66"
Spain,Europe,1952,"28,549,870",64.94,"3,834.03"
Spain,Europe,1957,"29,841,614",66.66,"4,564.80"
Spain,Europe,1962,"31,158,061",69.69,"5,693.84"
Spain,Europe,1967,"32,850,275",71.44,"7,993.51"
Spain,Europe,1972,"34,513,161",73.06,"10,638.75"
Spain,Europe,1977,"36,439,000",74.39,"13,236.92"
Spain,Europe,1982,"37,983,310",76.30,"13,926.17"
Spain,Europe,1987,"38,880,702",76.90,"15,764.98"
Spain,Europe,1992,"39,549,438",77.57,"18,603.06"
Spain,Europe,1997,"39,855,442",78.77,"20,445.30"
Spain,Europe,2002,"40,152,517",79.78,"24,835.47"
Spain,Europe,2007,"40,448,191",80.94,"28,821.06"
Sri Lanka,Asia,1952,"7,982,342",57.59,"1,083.53"
Sri Lanka,Asia,1957,"9,128,546",61.46,"1,072.55"
Sri Lanka,Asia,1962,"10,421,936",62.19,"1,074.47"
Sri Lanka,Asia,1967,"11,737,396",64.27,"1,135.51"
Sri Lanka,Asia,1972,"13,016,733",65.04,"1,213.40"
Sri Lanka,Asia,1977,"14,116,836",65.95,"1,348.78"
Sri Lanka,Asia,1982,"15,410,151",68.76,"1,648.08"
Sri Lanka,Asia,1987,"16,495,304",69.01,"1,876.77"
Sri Lanka,Asia,1992,"17,587,060",70.38,"2,153.74"
Sri Lanka,Asia,1997,"18,698,655",70.46,"2,664.48"
Sri Lanka,Asia,2002,"19,576,783",70.82,"3,015.38"
Sri Lanka,Asia,2007,"20,378,239",72.40,"3,970.10"
Sudan,Africa,1952,"8,504,667",38.64,"1,615.99"
Sudan,Africa,1957,"9,753,392",39.62,"1,770.34"
Sudan,Africa,1962,"11,183,227",40.87,"1,959.59"
Sudan,Africa,1967,"12,716,129",42.86,"1,688.00"
Sudan,Africa,1972,"14,597,019",45.08,"1,659.65"
Sudan,Africa,1977,"17,104,986",47.80,"2,202.99"
Sudan,Africa,1982,"20,367,053",50.34,"1,895.54"
Sudan,Africa,1987,"24,725,960",51.74,"1,507.82"
Sudan,Africa,1992,"28,227,588",53.56,"1,492.20"
Sudan,Africa,1997,"32,160,729",55.37,"1,632.21"
Sudan,Africa,2002,"37,090,298",56.37,"1,993.40"
Sudan,Africa,2007,"42,292,929",58.56,"2,602.39"
Swaziland,Africa,1952,"290,243",41.41,"1,148.38"
Swaziland,Africa,1957,"326,741",43.42,"1,244.71"
Swaziland,Africa,1962,"370,006",44.99,"1,856.18"
Swaziland,Africa,1967,"420,690",46.63,"2,613.10"
Swaziland,Africa,1972,"480,105",49.55,"3,364.84"
Swaziland,Africa,1977,"551,425",52.54,"3,781.41"
Swaziland,Africa,1982,"649,901",55.56,"3,895.38"
Swaziland,Africa,1987,"779,348",57.68,"3,984.84"
Swaziland,Africa,1992,"962,344",58.47,"3,553.02"
Swaziland,Africa,1997,"1,054,486",54.29,"3,876.77"
Swaziland,Africa,2002,"1,130,269",43.87,"4,128.12"
Swaziland,Africa,2007,"1,133,066",39.61,"4,513.48"
Sweden,Europe,1952,"7,124,673",71.86,"8,527.84"
Sweden,Europe,1957,"7,363,802",72.49,"9,911.88"
Sweden,Europe,1962,"7,561,588",73.37,"12,329.44"
Sweden,Europe,1967,"7,867,931",74.16,"15,258.30"
Sweden,Europe,1972,"8,122,293",74.72,"17,832.02"
Sweden,Europe,1977,"8,251,648",75.44,"18,855.73"
Sweden,Europe,1982,"8,325,260",76.42,"20,667.38"
Sweden,Europe,1987,"8,421,403",77.19,"23,586.93"
Sweden,Europe,1992,"8,718,867",78.16,"23,880.02"
Sweden,Europe,1997,"8,897,619",79.39,"25,266.59"
Sweden,Europe,2002,"8,954,175",80.04,"29,341.63"
Sweden,Europe,2007,"9,031,088",80.88,"33,859.75"
Switzerland,Europe,1952,"4,815,000",69.62,"14,734.23"
Switzerland,Europe,1957,"5,126,000",70.56,"17,909.49"
Switzerland,Europe,1962,"5,666,000",71.32,"20,431.09"
Switzerland,Europe,1967,"6,063,000",72.77,"22,966.14"
Switzerland,Europe,1972,"6,401,400",73.78,"27,195.11"
Switzerland,Europe,1977,"6,316,424",75.39,"26,982.29"
Switzerland,Europe,1982,"6,468,126",76.21,"28,397.72"
Switzerland,Europe,1987,"6,649,942",77.41,"30,281.70"
Switzerland,Europe,1992,"6,995,447",78.03,"31,871.53"
Switzerland,Europe,1997,"7,193,761",79.37,"32,135.32"
Switzerland,Europe,2002,"7,361,757",80.62,"34,480.96"
Switzerland,Europe,2007,"7,554,661",81.70,"37,506.42"
Syria,Asia,1952,"3,661,549",45.88,"1,643.49"
Syria,Asia,1957,"4,149,908",48.28,"2,117.23"
Syria,Asia,1962,"4,834,621",50.31,"2,193.04"
Syria,Asia,1967,"5,680,812",53.66,"1,881.92"
Syria,Asia,1972,"6,701,172",57.30,"2,571.42"
Syria,Asia,1977,"7,932,503",61.20,"3,195.48"
Syria,Asia,1982,"9,410,494",64.59,"3,761.84"
Syria,Asia,1987,"11,242,847",66.97,"3,116.77"
Syria,Asia,1992,"13,219,062",69.25,"3,340.54"
Syria,Asia,1997,"15,081,016",71.53,"4,014.24"
Syria,Asia,2002,"17,155,814",73.05,"4,090.93"
Syria,Asia,2007,"19,314,747",74.14,"4,184.55"
Taiwan,Asia,1952,"8,550,362",58.50,"1,206.95"
Taiwan,Asia,1957,"10,164,215",62.40,"1,507.86"
Taiwan,Asia,1962,"11,918,938",65.20,"1,822.88"
Taiwan,Asia,1967,"13,648,692",67.50,"2,643.86"
Taiwan,Asia,1972,"15,226,039",69.39,"4,062.52"
Taiwan,Asia,1977,"16,785,196",70.59,"5,596.52"
Taiwan,Asia,1982,"18,501,390",72.16,"7,426.35"
Taiwan,Asia,1987,"19,757,799",73.40,"11,054.56"
Taiwan,Asia,1992,"20,686,918",74.26,"15,215.66"
Taiwan,Asia,1997,"21,628,605",75.25,"20,206.82"
Taiwan,Asia,2002,"22,454,239",76.99,"23,235.42"
Taiwan,Asia,2007,"23,174,294",78.40,"28,718.28"
Tanzania,Africa,1952,"8,322,925",41.22,716.65
Tanzania,Africa,1957,"9,452,826",42.97,698.54
Tanzania,Africa,1962,"10,863,958",44.25,722.00
Tanzania,Africa,1967,"12,607,312",45.76,848.22
Tanzania,Africa,1972,"14,706,593",47.62,915.99
Tanzania,Africa,1977,"17,129,565",49.92,962.49
Tanzania,Africa,1982,"19,844,382",50.61,874.24
Tanzania,Africa,1987,"23,040,630",51.54,831.82
Tanzania,Africa,1992,"26,605,473",50.44,825.68
Tanzania,Africa,1997,"30,686,889",48.47,789.19
Tanzania,Africa,2002,"34,593,779",49.65,899.07
Tanzania,Africa,2007,"38,139,640",52.52,"1,107.48"
Thailand,Asia,1952,"21,289,402",50.85,757.80
Thailand,Asia,1957,"25,041,917",53.63,793.58
Thailand,Asia,1962,"29,263,397",56.06,"1,002.20"
Thailand,Asia,1967,"34,024,249",58.29,"1,295.46"
Thailand,Asia,1972,"39,276,153",60.41,"1,524.36"
Thailand,Asia,1977,"44,148,285",62.49,"1,961.22"
Thailand,Asia,1982,"48,827,160",64.60,"2,393.22"
Thailand,Asia,1987,"52,910,342",66.08,"2,982.65"
Thailand,Asia,1992,"56,667,095",67.30,"4,616.90"
Thailand,Asia,1997,"60,216,677",67.52,"5,852.63"
Thailand,Asia,2002,"62,806,748",68.56,"5,913.19"
Thailand,Asia,2007,"65,068,149",70.62,"7,458.40"
Togo,Africa,1952,"1,219,113",38.60,859.81
Togo,Africa,1957,"1,357,445",41.21,925.91
Togo,Africa,1962,"1,528,098",43.92,"1,067.53"
Togo,Africa,1967,"1,735,550",46.77,"1,477.60"
Togo,Africa,1972,"2,056,351",49.76,"1,649.66"
Togo,Africa,1977,"2,308,582",52.89,"1,532.78"
Togo,Africa,1982,"2,644,765",55.47,"1,344.58"
Togo,Africa,1987,"3,154,264",56.94,"1,202.20"
Togo,Africa,1992,"3,747,553",58.06,"1,034.30"
Togo,Africa,1997,"4,320,890",58.39,982.29
Togo,Africa,2002,"4,977,378",57.56,886.22
Togo,Africa,2007,"5,701,579",58.42,882.97
Trinidad and Tobago,Americas,1952,"662,850",59.10,"3,023.27"
Trinidad and Tobago,Americas,1957,"764,900",61.80,"4,100.39"
Trinidad and Tobago,Americas,1962,"887,498",64.90,"4,997.52"
Trinidad and Tobago,Americas,1967,"960,155",65.40,"5,621.37"
Trinidad and Tobago,Americas,1972,"975,199",65.90,"6,619.55"
Trinidad and Tobago,Americas,1977,"1,039,009",68.30,"7,899.55"
Trinidad and Tobago,Americas,1982,"1,116,479",68.83,"9,119.53"
Trinidad and Tobago,Americas,1987,"1,191,336",69.58,"7,388.60"
Trinidad and Tobago,Americas,1992,"1,183,669",69.86,"7,370.99"
Trinidad and Tobago,Americas,1997,"1,138,101",69.47,"8,792.57"
Trinidad and Tobago,Americas,2002,"1,101,832",68.98,"11,460.60"
Trinidad and Tobago,Americas,2007,"1,056,608",69.82,"18,008.51"
Tunisia,Africa,1952,"3,647,735",44.60,"1,468.48"
Tunisia,Africa,1957,"3,950,849",47.10,"1,395.23"
Tunisia,Africa,1962,"4,286,552",49.58,"1,660.30"
Tunisia,Africa,1967,"4,786,986",52.05,"1,932.36"
Tunisia,Africa,1972,"5,303,507",55.60,"2,753.29"
Tunisia,Africa,1977,"6,005,061",59.84,"3,120.88"
Tunisia,Africa,1982,"6,734,098",64.05,"3,560.23"
Tunisia,Africa,1987,"7,724,976",66.89,"3,810.42"
Tunisia,Africa,1992,"8,523,077",70.00,"4,332.72"
Tunisia,Africa,1997,"9,231,669",71.97,"4,876.80"
Tunisia,Africa,2002,"9,770,575",73.04,"5,722.90"
Tunisia,Africa,2007,"10,276,158",73.92,"7,092.92"
Turkey,Europe,1952,"22,235,677",43.59,"1,969.10"
Turkey,Europe,1957,"25,670,939",48.08,"2,218.75"
Turkey,Europe,1962,"29,788,695",52.10,"2,322.87"
Turkey,Europe,1967,"33,411,317",54.34,"2,826.36"
Turkey,Europe,1972,"37,492,953",57.01,"3,450.70"
Turkey,Europe,1977,"42,404,033",59.51,"4,269.12"
Turkey,Europe,1982,"47,328,791",61.04,"4,241.36"
Turkey,Europe,1987,"52,881,328",63.11,"5,089.04"
Turkey,Europe,1992,"58,179,144",66.15,"5,678.35"
Turkey,Europe,1997,"63,047,647",68.84,"6,601.43"
Turkey,Europe,2002,"67,308,928",70.85,"6,508.09"
Turkey,Europe,2007,"71,158,647",71.78,"8,458.28"
Uganda,Africa,1952,"5,824,797",39.98,734.75
Uganda,Africa,1957,"6,675,501",42.57,774.37
Uganda,Africa,1962,"7,688,797",45.34,767.27
Uganda,Africa,1967,"8,900,294",48.05,908.92
Uganda,Africa,1972,"10,190,285",51.02,950.74
Uganda,Africa,1977,"11,457,758",50.35,843.73
Uganda,Africa,1982,"12,939,400",49.85,682.27
Uganda,Africa,1987,"15,283,050",51.51,617.72
Uganda,Africa,1992,"18,252,190",48.83,644.17
Uganda,Africa,1997,"21,210,254",44.58,816.56
Uganda,Africa,2002,"24,739,869",47.81,927.72
Uganda,Africa,2007,"29,170,398",51.54,"1,056.38"
United Kingdom,Europe,1952,"50,430,000",69.18,"9,979.51"
United Kingdom,Europe,1957,"51,430,000",70.42,"11,283.18"
United Kingdom,Europe,1962,"53,292,000",70.76,"12,477.18"
United Kingdom,Europe,1967,"54,959,000",71.36,"14,142.85"
United Kingdom,Europe,1972,"56,079,000",72.01,"15,895.12"
United Kingdom,Europe,1977,"56,179,000",72.76,"17,428.75"
United Kingdom,Europe,1982,"56,339,704",74.04,"18,232.42"
United Kingdom,Europe,1987,"56,981,620",75.01,"21,664.79"
United Kingdom,Europe,1992,"57,866,349",76.42,"22,705.09"
United Kingdom,Europe,1997,"58,808,266",77.22,"26,074.53"
United Kingdom,Europe,2002,"59,912,431",78.47,"29,479.00"
United Kingdom,Europe,2007,"60,776,238",79.43,"33,203.26"
United States,Americas,1952,"157,553,000",68.44,"13,990.48"
United States,Americas,1957,"171,984,000",69.49,"14,847.13"
United States,Americas,1962,"186,538,000",70.21,"16,173.15"
United States,Americas,1967,"198,712,000",70.76,"19,530.37"
United States,Americas,1972,"209,896,000",71.34,"21,806.04"
United States,Americas,1977,"220,239,000",73.38,"24,072.63"
United States,Americas,1982,"232,187,835",74.65,"25,009.56"
United States,Americas,1987,"242,803,533",75.02,"29,884.35"
United States,Americas,1992,"256,894,189",76.09,"32,003.93"
United States,Americas,1997,"272,911,760",76.81,"35,767.43"
United States,Americas,2002,"287,675,526",77.31,"39,097.10"
United States,Americas,2007,"301,139,947",78.24,"42,951.65"
Uruguay,Americas,1952,"2,252,965",66.07,"5,716.77"
Uruguay,Americas,1957,"2,424,959",67.04,"6,150.77"
Uruguay,Americas,1962,"2,598,466",68.25,"5,603.36"
Uruguay,Americas,1967,"2,748,579",68.47,"5,444.62"
Uruguay,Americas,1972,"2,829,526",68.67,"5,703.41"
Uruguay,Americas,1977,"2,873,520",69.48,"6,504.34"
Uruguay,Americas,1982,"2,953,997",70.81,"6,920.22"
Uruguay,Americas,1987,"3,045,153",71.92,"7,452.40"
Uruguay,Americas,1992,"3,149,262",72.75,"8,137.00"
Uruguay,Americas,1997,"3,262,838",74.22,"9,230.24"
Uruguay,Americas,2002,"3,363,085",75.31,"7,727.00"
Uruguay,Americas,2007,"3,447,496",76.38,"10,611.46"
Venezuela,Americas,1952,"5,439,568",55.09,"7,689.80"
Venezuela,Americas,1957,"6,702,668",57.91,"9,802.47"
Venezuela,Americas,1962,"8,143,375",60.77,"8,422.97"
Venezuela,Americas,1967,"9,709,552",63.48,"9,541.47"
Venezuela,Americas,1972,"11,515,649",65.71,"10,505.26"
Venezuela,Americas,1977,"13,503,563",67.46,"13,143.95"
Venezuela,Americas,1982,"15,620,766",68.56,"11,152.41"
Venezuela,Americas,1987,"17,910,182",70.19,"9,883.58"
Venezuela,Americas,1992,"20,265,563",71.15,"10,733.93"
Venezuela,Americas,1997,"22,374,398",72.15,"10,165.50"
Venezuela,Americas,2002,"24,287,670",72.77,"8,605.05"
Venezuela,Americas,2007,"26,084,662",73.75,"11,415.81"
Vietnam,Asia,1952,"26,246,839",40.41,605.07
Vietnam,Asia,1957,"28,998,543",42.89,676.29
Vietnam,Asia,1962,"33,796,140",45.36,772.05
Vietnam,Asia,1967,"39,463,910",47.84,637.12
Vietnam,Asia,1972,"44,655,014",50.25,699.50
Vietnam,Asia,1977,"50,533,506",55.76,713.54
Vietnam,Asia,1982,"56,142,181",58.82,707.24
Vietnam,Asia,1987,"62,826,491",62.82,820.80
Vietnam,Asia,1992,"69,940,728",67.66,989.02
Vietnam,Asia,1997,"76,048,996",70.67,"1,385.90"
Vietnam,Asia,2002,"80,908,147",73.02,"1,764.46"
Vietnam,Asia,2007,"85,262,356",74.25,"2,441.58"
West Bank and Gaza,Asia,1952,"1,030,585",43.16,"1,515.59"
West Bank and Gaza,Asia,1957,"1,070,439",45.67,"1,827.07"
West Bank and Gaza,Asia,1962,"1,133,134",48.13,"2,198.96"
West Bank and Gaza,Asia,1967,"1,142,636",51.63,"2,649.72"
West Bank and Gaza,Asia,1972,"1,089,572",56.53,"3,133.41"
West Bank and Gaza,Asia,1977,"1,261,091",60.77,"3,682.83"
West Bank and Gaza,Asia,1982,"1,425,876",64.41,"4,336.03"
West Bank and Gaza,Asia,1987,"1,691,210",67.05,"5,107.20"
West Bank and Gaza,Asia,1992,"2,104,779",69.72,"6,017.65"
West Bank and Gaza,Asia,1997,"2,826,046",71.10,"7,110.67"
West Bank and Gaza,Asia,2002,"3,389,578",72.37,"4,515.49"
West Bank and Gaza,Asia,2007,"4,018,332",73.42,"3,025.35"
"Yemen, Rep.",Asia,1952,"4,963,829",32.55,781.72
"Yemen, Rep.",Asia,1957,"5,498,090",33.97,804.83
"Yemen, Rep.",Asia,1962,"6,120,081",35.18,825.62
"Yemen, Rep.",Asia,1967,"6,740,785",36.98,862.44
"Yemen, Rep.",Asia,1972,"7,407,075",39.85,"1,265.05"
"Yemen, Rep.",Asia,1977,"8,403,990",44.18,"1,829.77"
"Yemen, Rep.",Asia,1982,"9,657,618",49.11,"1,977.56"
"Yemen, Rep.",Asia,1987,"11,219,340",52.92,"1,971.74"
"Yemen, Rep.",Asia,1992,"13,367,997",55.60,"1,879.50"
"Yemen, Rep.",Asia,1997,"15,826,497",58.02,"2,117.48"
"Yemen, Rep.",Asia,2002,"18,701,257",60.31,"2,234.82"
"Yemen, Rep.",Asia,2007,"22,211,743",62.70,"2,280.77"
Zambia,Africa,1952,"2,672,000",42.04,"1,147.39"
Zambia,Africa,1957,"3,016,000",44.08,"1,311.96"
Zambia,Africa,1962,"3,421,000",46.02,"1,452.73"
Zambia,Africa,1967,"3,900,000",47.77,"1,777.08"
Zambia,Africa,1972,"4,506,497",50.11,"1,773.50"
Zambia,Africa,1977,"5,216,550",51.39,"1,588.69"
Zambia,Africa,1982,"6,100,407",51.82,"1,408.68"
Zambia,Africa,1987,"7,272,406",50.82,"1,213.32"
Zambia,Africa,1992,"8,381,163",46.10,"1,210.88"
Zambia,Africa,1997,"9,417,789",40.24,"1,071.35"
Zambia,Africa,2002,"10,595,811",39.19,"1,071.61"
Zambia,Africa,2007,"11,746,035",42.38,"1,271.21"
Zimbabwe,Africa,1952,"3,080,907",48.45,406.88
Zimbabwe,Africa,1957,"3,646,340",50.47,518.76
Zimbabwe,Africa,1962,"4,277,736",52.36,527.27
Zimbabwe,Africa,1967,"4,995,432",54.00,569.80
Zimbabwe,Africa,1972,"5,861,135",55.64,799.36
Zimbabwe,Africa,1977,"6,642,107",57.67,685.59
Zimbabwe,Africa,1982,"7,636,524",60.36,788.86
Zimbabwe,Africa,1987,"9,216,418",62.35,706.16
Zimbabwe,Africa,1992,"10,704,340",60.38,693.42
Zimbabwe,Africa,1997,"11,404,948",46.81,792.45
Zimbabwe,Africa,2002,"11,926,563",39.99,672.04
Zimbabwe,Africa,2007,"12,311,143",43.49,469.71